session.no,Date,Time,Weather,Remarks,rhino.no,Remarks,food.presence,Remarks,food.presence.index,Interval,feed-on,not.feed-on,feed-not.on,not.feed-not.on,mynah.no,Remarks
1,05/09/2022 (Mon),2:00 PM,Rainy,Very light rain,7,,Yes,,3,1,2,1,0,2,5,
1,05/09/2022 (Mon),2:00 PM,Rainy,Very light rain,7,,Yes,,3,2,2,2,0,2,6,
1,05/09/2022 (Mon),2:00 PM,Rainy,Very light rain,7,,Yes,,3,3,1,1,0,2,4,
1,05/09/2022 (Mon),2:00 PM,Rainy,Very light rain,7,,Yes,,3,4,2,2,0,3,7,
1,05/09/2022 (Mon),2:00 PM,Rainy,Very light rain,7,,Yes,,3,5,1,2,0,2,5,
1,05/09/2022 (Mon),2:00 PM,Rainy,Very light rain,7,,Yes,,3,6,1,0,0,2,3,
1,05/09/2022 (Mon),2:00 PM,Rainy,Very light rain,7,,Yes,,3,7,2,1,0,2,5,
1,05/09/2022 (Mon),2:00 PM,Rainy,Very light rain,7,,Yes,,3,8,1,1,0,3,5,
1,05/09/2022 (Mon),2:00 PM,Rainy,Very light rain,7,,Yes,,3,9,1,1,0,2,4,
1,05/09/2022 (Mon),2:00 PM,Rainy,Very light rain,7,,Yes,,3,10,2,0,0,3,5,
1,05/09/2022 (Mon),2:00 PM,Rainy,Very light rain,7,,Yes,,3,11,1,0,0,2,3,
1,05/09/2022 (Mon),2:00 PM,Rainy,Very light rain,7,,Yes,,3,12,2,1,0,4,7,
1,05/09/2022 (Mon),2:00 PM,Rainy,Very light rain,7,,Yes,,3,13,2,3,0,3,8,
1,05/09/2022 (Mon),2:00 PM,Rainy,Very light rain,7,,Yes,,3,14,2,0,0,9,11,
1,05/09/2022 (Mon),2:00 PM,Rainy,Very light rain,7,,Yes,,3,15,2,2,0,3,7,
1,05/09/2022 (Mon),2:00 PM,Rainy,Very light rain,7,,Yes,,3,16,3,5,0,1,9,
1,05/09/2022 (Mon),2:00 PM,Rainy,Very light rain,7,,Yes,,3,17,2,1,0,5,8,
1,05/09/2022 (Mon),2:00 PM,Rainy,Very light rain,7,,Yes,,3,18,3,1,0,2,6,
1,05/09/2022 (Mon),2:00 PM,Rainy,Very light rain,7,,Yes,,3,19,1,1,0,5,7,
1,05/09/2022 (Mon),2:00 PM,Rainy,Very light rain,7,,Yes,,3,20,2,0,0,5,7,
2,05/09/2022 (Mon),5:00 PM,Cloudy,,7,,Yes,Very few strands on ground,1,1,0,0,0,0,0,
2,05/09/2022 (Mon),5:00 PM,Cloudy,,7,,Yes,Very few strands on ground,1,2,0,0,0,0,0,
2,05/09/2022 (Mon),5:00 PM,Cloudy,,7,,Yes,Very few strands on ground,1,3,0,0,0,0,0,
2,05/09/2022 (Mon),5:00 PM,Cloudy,,7,,Yes,Very few strands on ground,1,4,0,0,0,0,0,
2,05/09/2022 (Mon),5:00 PM,Cloudy,,7,,Yes,Very few strands on ground,1,5,0,0,0,0,0,
2,05/09/2022 (Mon),5:00 PM,Cloudy,,7,,Yes,Very few strands on ground,1,6,0,0,0,0,0,
2,05/09/2022 (Mon),5:00 PM,Cloudy,,7,,Yes,Very few strands on ground,1,7,0,0,0,0,0,
2,05/09/2022 (Mon),5:00 PM,Cloudy,,7,,Yes,Very few strands on ground,1,8,0,0,0,0,0,
2,05/09/2022 (Mon),5:00 PM,Cloudy,,7,,Yes,Very few strands on ground,1,9,0,0,0,0,0,
2,05/09/2022 (Mon),5:00 PM,Cloudy,,7,,Yes,Very few strands on ground,1,10,0,0,0,0,0,
2,05/09/2022 (Mon),5:00 PM,Cloudy,,7,,Yes,Very few strands on ground,1,11,0,0,0,0,0,
2,05/09/2022 (Mon),5:00 PM,Cloudy,,7,,Yes,Very few strands on ground,1,12,0,0,0,0,0,
2,05/09/2022 (Mon),5:00 PM,Cloudy,,7,,Yes,Very few strands on ground,1,13,0,0,0,0,0,
2,05/09/2022 (Mon),5:00 PM,Cloudy,,7,,Yes,Very few strands on ground,1,14,0,0,0,0,0,
2,05/09/2022 (Mon),5:00 PM,Cloudy,,7,,Yes,Very few strands on ground,1,15,0,0,0,0,0,
2,05/09/2022 (Mon),5:00 PM,Cloudy,,7,,Yes,Very few strands on ground,1,16,0,0,0,0,0,
2,05/09/2022 (Mon),5:00 PM,Cloudy,,7,,Yes,Very few strands on ground,1,17,0,0,0,0,0,
2,05/09/2022 (Mon),5:00 PM,Cloudy,,7,,Yes,Very few strands on ground,1,18,0,0,0,0,0,
2,05/09/2022 (Mon),5:00 PM,Cloudy,,7,,Yes,Very few strands on ground,1,19,0,0,0,0,0,
2,05/09/2022 (Mon),5:00 PM,Cloudy,,7,,Yes,Very few strands on ground,1,20,0,0,0,0,0,
3,06/09/2022 (Tue),2:00 PM,Sunny,,7,,Yes,Very few strands on ground,1,1,0,0,0,0,0,
3,06/09/2022 (Tue),2:00 PM,Sunny,,7,,Yes,Very few strands on ground,1,2,0,0,0,0,0,
3,06/09/2022 (Tue),2:00 PM,Sunny,,7,,Yes,Very few strands on ground,1,3,0,1,0,0,1,
3,06/09/2022 (Tue),2:00 PM,Sunny,,7,,Yes,Very few strands on ground,1,4,0,0,0,0,0,
3,06/09/2022 (Tue),2:00 PM,Sunny,,7,,Yes,Very few strands on ground,1,5,0,0,0,0,0,
3,06/09/2022 (Tue),2:00 PM,Sunny,,7,,Yes,Very few strands on ground,1,6,0,0,0,0,0,
3,06/09/2022 (Tue),2:00 PM,Sunny,,7,,Yes,Very few strands on ground,1,7,0,0,0,0,0,
3,06/09/2022 (Tue),2:00 PM,Sunny,,7,,Yes,Very few strands on ground,1,8,0,0,0,0,0,
3,06/09/2022 (Tue),2:00 PM,Sunny,,7,,Yes,Very few strands on ground,1,9,0,0,0,0,0,
3,06/09/2022 (Tue),2:00 PM,Sunny,,7,,Yes,Very few strands on ground,1,10,0,0,0,2,2,
3,06/09/2022 (Tue),2:00 PM,Sunny,,7,,Yes,Very few strands on ground,1,11,1,0,0,3,4,
3,06/09/2022 (Tue),2:00 PM,Sunny,,7,,Yes,Very few strands on ground,1,12,0,2,0,1,3,
3,06/09/2022 (Tue),2:00 PM,Sunny,,7,,Yes,Very few strands on ground,1,13,0,0,0,4,4,
3,06/09/2022 (Tue),2:00 PM,Sunny,,7,,Yes,Very few strands on ground,1,14,1,1,0,4,6,
3,06/09/2022 (Tue),2:00 PM,Sunny,,7,,Yes,Very few strands on ground,1,15,0,0,0,6,6,
3,06/09/2022 (Tue),2:00 PM,Sunny,,7,,Yes,Very few strands on ground,1,16,0,0,0,5,5,
3,06/09/2022 (Tue),2:00 PM,Sunny,,7,,Yes,Very few strands on ground,1,17,0,0,0,3,3,
3,06/09/2022 (Tue),2:00 PM,Sunny,,7,,Yes,Very few strands on ground,1,18,0,0,0,4,4,
3,06/09/2022 (Tue),2:00 PM,Sunny,,7,,Yes,Very few strands on ground,1,19,0,0,0,2,2,
3,06/09/2022 (Tue),2:00 PM,Sunny,,7,,Yes,Very few strands on ground,1,20,0,2,0,1,3,
4,06/09/2022 (Tue),5:00 PM,Cloudy,,7,,Yes,Few strands on ground,1,1,0,0,0,0,0,
4,06/09/2022 (Tue),5:00 PM,Cloudy,,7,,Yes,Few strands on ground,1,2,0,0,0,0,0,
4,06/09/2022 (Tue),5:00 PM,Cloudy,,7,,Yes,Few strands on ground,1,3,0,0,0,0,0,
4,06/09/2022 (Tue),5:00 PM,Cloudy,,7,,Yes,Few strands on ground,1,4,0,0,0,0,0,
4,06/09/2022 (Tue),5:00 PM,Cloudy,,7,,Yes,Few strands on ground,1,5,0,0,0,0,0,
4,06/09/2022 (Tue),5:00 PM,Cloudy,,7,,Yes,Few strands on ground,1,6,0,0,0,0,0,
4,06/09/2022 (Tue),5:00 PM,Cloudy,,7,,Yes,Few strands on ground,1,7,0,0,0,0,0,
4,06/09/2022 (Tue),5:00 PM,Cloudy,,7,,Yes,Few strands on ground,1,8,0,0,0,0,0,
4,06/09/2022 (Tue),5:00 PM,Cloudy,,7,,Yes,Few strands on ground,1,9,0,0,0,0,0,
4,06/09/2022 (Tue),5:00 PM,Cloudy,,7,,Yes,Few strands on ground,1,10,0,0,0,0,0,
4,06/09/2022 (Tue),5:00 PM,Cloudy,,7,,Yes,Few strands on ground,1,11,0,0,0,0,0,
4,06/09/2022 (Tue),5:00 PM,Cloudy,,7,,Yes,Few strands on ground,1,12,0,0,0,0,0,
4,06/09/2022 (Tue),5:00 PM,Cloudy,,7,,Yes,Few strands on ground,1,13,0,0,0,0,0,
4,06/09/2022 (Tue),5:00 PM,Cloudy,,7,,Yes,Few strands on ground,1,14,0,0,0,0,0,
4,06/09/2022 (Tue),5:00 PM,Cloudy,,7,,Yes,Few strands on ground,1,15,0,0,0,0,0,
4,06/09/2022 (Tue),5:00 PM,Cloudy,,7,,Yes,Few strands on ground,1,16,0,0,0,0,0,
4,06/09/2022 (Tue),5:00 PM,Cloudy,,7,,Yes,Few strands on ground,1,17,0,0,0,0,0,
4,06/09/2022 (Tue),5:00 PM,Cloudy,,7,,Yes,Few strands on ground,1,18,0,0,0,0,0,
4,06/09/2022 (Tue),5:00 PM,Cloudy,,7,,Yes,Few strands on ground,1,19,0,0,0,0,0,
4,06/09/2022 (Tue),5:00 PM,Cloudy,,7,,Yes,Few strands on ground,1,20,0,0,0,0,0,
5,07/09/2022 (Wed),2:00 PM,Sunny,Sometimes cloudy,7,,Yes,,3,1,0,2,0,10,12,
5,07/09/2022 (Wed),2:00 PM,Sunny,Sometimes cloudy,7,,Yes,,3,2,0,0,1,8,9,
5,07/09/2022 (Wed),2:00 PM,Sunny,Sometimes cloudy,7,,Yes,,3,3,0,1,1,11,13,
5,07/09/2022 (Wed),2:00 PM,Sunny,Sometimes cloudy,7,,Yes,,3,4,1,0,0,11,12,
5,07/09/2022 (Wed),2:00 PM,Sunny,Sometimes cloudy,7,,Yes,,3,5,0,1,1,11,13,
5,07/09/2022 (Wed),2:00 PM,Sunny,Sometimes cloudy,7,,Yes,,3,6,0,2,0,8,10,
5,07/09/2022 (Wed),2:00 PM,Sunny,Sometimes cloudy,7,,Yes,,3,7,1,0,0,12,13,
5,07/09/2022 (Wed),2:00 PM,Sunny,Sometimes cloudy,7,,Yes,,3,8,2,0,1,15,18,
5,07/09/2022 (Wed),2:00 PM,Sunny,Sometimes cloudy,7,,Yes,,3,9,1,1,1,7,10,
5,07/09/2022 (Wed),2:00 PM,Sunny,Sometimes cloudy,7,,Yes,,3,10,1,2,0,5,8,
5,07/09/2022 (Wed),2:00 PM,Sunny,Sometimes cloudy,7,,Yes,,3,11,2,0,0,6,8,
5,07/09/2022 (Wed),2:00 PM,Sunny,Sometimes cloudy,7,,Yes,,3,12,2,0,2,5,9,
5,07/09/2022 (Wed),2:00 PM,Sunny,Sometimes cloudy,7,,Yes,,3,13,1,0,0,6,7,
5,07/09/2022 (Wed),2:00 PM,Sunny,Sometimes cloudy,7,,Yes,,3,14,0,1,0,8,9,
5,07/09/2022 (Wed),2:00 PM,Sunny,Sometimes cloudy,7,,Yes,,3,15,0,1,1,13,15,
5,07/09/2022 (Wed),2:00 PM,Sunny,Sometimes cloudy,7,,Yes,,3,16,1,3,0,13,17,
5,07/09/2022 (Wed),2:00 PM,Sunny,Sometimes cloudy,7,,Yes,,3,17,0,3,0,14,17,
5,07/09/2022 (Wed),2:00 PM,Sunny,Sometimes cloudy,7,,Yes,,3,18,1,4,0,9,14,
5,07/09/2022 (Wed),2:00 PM,Sunny,Sometimes cloudy,7,,Yes,,3,19,1,2,0,12,15,
5,07/09/2022 (Wed),2:00 PM,Sunny,Sometimes cloudy,7,,Yes,,3,20,2,1,0,13,16,
6,07/09/2022 (Wed),5:00 PM,Rainy,Light rain; stopped at about Interval 8,7,,Yes,Very few strands on ground,1,1,0,0,0,0,0,
6,07/09/2022 (Wed),5:00 PM,Rainy,Light rain; stopped at about Interval 8,7,,Yes,Very few strands on ground,1,2,0,0,0,0,0,
6,07/09/2022 (Wed),5:00 PM,Rainy,Light rain; stopped at about Interval 8,7,,Yes,Very few strands on ground,1,3,0,0,0,0,0,
6,07/09/2022 (Wed),5:00 PM,Rainy,Light rain; stopped at about Interval 8,7,,Yes,Very few strands on ground,1,4,0,0,0,0,0,
6,07/09/2022 (Wed),5:00 PM,Rainy,Light rain; stopped at about Interval 8,7,,Yes,Very few strands on ground,1,5,0,0,0,0,0,
6,07/09/2022 (Wed),5:00 PM,Rainy,Light rain; stopped at about Interval 8,7,,Yes,Very few strands on ground,1,6,0,0,0,0,0,
6,07/09/2022 (Wed),5:00 PM,Rainy,Light rain; stopped at about Interval 8,7,,Yes,Very few strands on ground,1,7,0,0,0,0,0,
6,07/09/2022 (Wed),5:00 PM,Rainy,Light rain; stopped at about Interval 8,7,,Yes,Very few strands on ground,1,8,0,0,0,0,0,
6,07/09/2022 (Wed),5:00 PM,Rainy,Light rain; stopped at about Interval 8,7,,Yes,Very few strands on ground,1,9,0,0,0,0,0,
6,07/09/2022 (Wed),5:00 PM,Rainy,Light rain; stopped at about Interval 8,7,,Yes,Very few strands on ground,1,10,0,0,0,0,0,
6,07/09/2022 (Wed),5:00 PM,Rainy,Light rain; stopped at about Interval 8,7,,Yes,Very few strands on ground,1,11,0,0,0,0,0,
6,07/09/2022 (Wed),5:00 PM,Rainy,Light rain; stopped at about Interval 8,7,,Yes,Very few strands on ground,1,12,0,0,0,0,0,
6,07/09/2022 (Wed),5:00 PM,Rainy,Light rain; stopped at about Interval 8,7,,Yes,Very few strands on ground,1,13,0,0,0,0,0,
6,07/09/2022 (Wed),5:00 PM,Rainy,Light rain; stopped at about Interval 8,7,,Yes,Very few strands on ground,1,14,0,0,0,0,0,
6,07/09/2022 (Wed),5:00 PM,Rainy,Light rain; stopped at about Interval 8,7,,Yes,Very few strands on ground,1,15,0,0,0,0,0,
6,07/09/2022 (Wed),5:00 PM,Rainy,Light rain; stopped at about Interval 8,7,,Yes,Very few strands on ground,1,16,0,0,0,0,0,
6,07/09/2022 (Wed),5:00 PM,Rainy,Light rain; stopped at about Interval 8,7,,Yes,Very few strands on ground,1,17,0,0,0,0,0,
6,07/09/2022 (Wed),5:00 PM,Rainy,Light rain; stopped at about Interval 8,7,,Yes,Very few strands on ground,1,18,0,0,0,0,0,
6,07/09/2022 (Wed),5:00 PM,Rainy,Light rain; stopped at about Interval 8,7,,Yes,Very few strands on ground,1,19,0,0,0,0,0,
6,07/09/2022 (Wed),5:00 PM,Rainy,Light rain; stopped at about Interval 8,7,,Yes,Very few strands on ground,1,20,0,0,0,0,0,
7,08/09/2022 (Thu),2:00 PM,Sunny,Somewhat sunny,4,,Yes,Very few strands on ground,1,1,0,0,0,0,0,
7,08/09/2022 (Thu),2:00 PM,Sunny,Somewhat sunny,4,,Yes,Very few strands on ground,1,2,0,0,0,0,0,
7,08/09/2022 (Thu),2:00 PM,Sunny,Somewhat sunny,4,,Yes,Very few strands on ground,1,3,0,0,0,0,0,
7,08/09/2022 (Thu),2:00 PM,Sunny,Somewhat sunny,4,,Yes,Very few strands on ground,1,4,0,0,0,0,0,
7,08/09/2022 (Thu),2:00 PM,Sunny,Somewhat sunny,4,,Yes,Very few strands on ground,1,5,0,0,0,0,0,
7,08/09/2022 (Thu),2:00 PM,Sunny,Somewhat sunny,4,,Yes,Very few strands on ground,1,6,0,0,0,0,0,
7,08/09/2022 (Thu),2:00 PM,Sunny,Somewhat sunny,4,,Yes,Very few strands on ground,1,7,0,0,0,0,0,
7,08/09/2022 (Thu),2:00 PM,Sunny,Somewhat sunny,4,,Yes,Very few strands on ground,1,8,0,0,0,0,0,
7,08/09/2022 (Thu),2:00 PM,Sunny,Somewhat sunny,4,,Yes,Very few strands on ground,1,9,0,0,0,0,0,
7,08/09/2022 (Thu),2:00 PM,Sunny,Somewhat sunny,4,,Yes,Very few strands on ground,1,10,0,1,0,0,1,
7,08/09/2022 (Thu),2:00 PM,Sunny,Somewhat sunny,4,,Yes,Very few strands on ground,1,11,0,0,0,0,0,
7,08/09/2022 (Thu),2:00 PM,Sunny,Somewhat sunny,4,,Yes,Very few strands on ground,1,12,0,0,1,0,1,
7,08/09/2022 (Thu),2:00 PM,Sunny,Somewhat sunny,4,,Yes,Very few strands on ground,1,13,1,0,0,1,2,
7,08/09/2022 (Thu),2:00 PM,Sunny,Somewhat sunny,4,,Yes,Very few strands on ground,1,14,0,0,0,2,2,
7,08/09/2022 (Thu),2:00 PM,Sunny,Somewhat sunny,4,,Yes,Very few strands on ground,1,15,0,0,0,6,6,
7,08/09/2022 (Thu),2:00 PM,Sunny,Somewhat sunny,4,,Yes,Very few strands on ground,1,16,0,0,1,8,9,
7,08/09/2022 (Thu),2:00 PM,Sunny,Somewhat sunny,4,,Yes,Very few strands on ground,1,17,1,0,0,9,10,
7,08/09/2022 (Thu),2:00 PM,Sunny,Somewhat sunny,4,,Yes,Very few strands on ground,1,18,0,2,0,2,4,
7,08/09/2022 (Thu),2:00 PM,Sunny,Somewhat sunny,4,,Yes,Very few strands on ground,1,19,0,0,0,5,5,
7,08/09/2022 (Thu),2:00 PM,Sunny,Somewhat sunny,4,,Yes,Very few strands on ground,1,20,0,0,0,4,4,
8,08/09/2022 (Thu),5:00 PM,Cloudy,Light rain at Interval 9,5,,Yes,"Very very few strands on ground, browse hanging",1,1,0,0,0,0,0,
8,08/09/2022 (Thu),5:00 PM,Cloudy,Light rain at Interval 9,5,,Yes,"Very very few strands on ground, browse hanging",1,2,0,0,0,0,0,
8,08/09/2022 (Thu),5:00 PM,Cloudy,Light rain at Interval 9,5,,Yes,"Very very few strands on ground, browse hanging",1,3,0,0,0,0,0,
8,08/09/2022 (Thu),5:00 PM,Cloudy,Light rain at Interval 9,5,,Yes,"Very very few strands on ground, browse hanging",1,4,0,0,0,0,0,
8,08/09/2022 (Thu),5:00 PM,Cloudy,Light rain at Interval 9,5,,Yes,"Very very few strands on ground, browse hanging",1,5,0,0,0,0,0,
8,08/09/2022 (Thu),5:00 PM,Cloudy,Light rain at Interval 9,5,,Yes,"Very very few strands on ground, browse hanging",1,6,0,0,0,0,0,
8,08/09/2022 (Thu),5:00 PM,Cloudy,Light rain at Interval 9,5,,Yes,"Very very few strands on ground, browse hanging",1,7,0,0,0,0,0,
8,08/09/2022 (Thu),5:00 PM,Cloudy,Light rain at Interval 9,5,,Yes,"Very very few strands on ground, browse hanging",1,8,0,0,0,0,0,
8,08/09/2022 (Thu),5:00 PM,Cloudy,Light rain at Interval 9,5,,Yes,"Very very few strands on ground, browse hanging",1,9,0,0,0,0,0,
8,08/09/2022 (Thu),5:00 PM,Cloudy,Light rain at Interval 9,5,,Yes,"Very very few strands on ground, browse hanging",1,10,0,0,0,0,0,
8,08/09/2022 (Thu),5:00 PM,Cloudy,Light rain at Interval 9,5,,Yes,"Very very few strands on ground, browse hanging",1,11,0,0,0,0,0,
8,08/09/2022 (Thu),5:00 PM,Cloudy,Light rain at Interval 9,5,,Yes,"Very very few strands on ground, browse hanging",1,12,0,0,0,0,0,
8,08/09/2022 (Thu),5:00 PM,Cloudy,Light rain at Interval 9,5,,Yes,"Very very few strands on ground, browse hanging",1,13,0,0,0,0,0,
8,08/09/2022 (Thu),5:00 PM,Cloudy,Light rain at Interval 9,5,,Yes,"Very very few strands on ground, browse hanging",1,14,0,0,0,0,0,
8,08/09/2022 (Thu),5:00 PM,Cloudy,Light rain at Interval 9,5,,Yes,"Very very few strands on ground, browse hanging",1,15,0,0,0,0,0,
8,08/09/2022 (Thu),5:00 PM,Cloudy,Light rain at Interval 9,5,,Yes,"Very very few strands on ground, browse hanging",1,16,0,0,0,0,0,
8,08/09/2022 (Thu),5:00 PM,Cloudy,Light rain at Interval 9,5,,Yes,"Very very few strands on ground, browse hanging",1,17,0,0,0,0,0,
8,08/09/2022 (Thu),5:00 PM,Cloudy,Light rain at Interval 9,5,,Yes,"Very very few strands on ground, browse hanging",1,18,0,0,0,0,0,
8,08/09/2022 (Thu),5:00 PM,Cloudy,Light rain at Interval 9,5,,Yes,"Very very few strands on ground, browse hanging",1,19,0,0,0,0,0,
8,08/09/2022 (Thu),5:00 PM,Cloudy,Light rain at Interval 9,5,,Yes,"Very very few strands on ground, browse hanging",1,20,0,0,0,0,0,
9,09/09/2022 (Fri),2:00 PM,Cloudy,"Cloudy, very light rain",7,,Yes,,3,1,0,2,0,10,12,
9,09/09/2022 (Fri),2:00 PM,Cloudy,"Cloudy, very light rain",7,,Yes,,3,2,0,1,0,6,7,
9,09/09/2022 (Fri),2:00 PM,Cloudy,"Cloudy, very light rain",7,,Yes,,3,3,1,0,0,8,9,
9,09/09/2022 (Fri),2:00 PM,Cloudy,"Cloudy, very light rain",7,,Yes,,3,4,1,0,0,4,5,
9,09/09/2022 (Fri),2:00 PM,Cloudy,"Cloudy, very light rain",7,,Yes,,3,5,1,1,0,7,9,
9,09/09/2022 (Fri),2:00 PM,Cloudy,"Cloudy, very light rain",7,,Yes,,3,6,2,2,0,4,8,
9,09/09/2022 (Fri),2:00 PM,Cloudy,"Cloudy, very light rain",7,,Yes,,3,7,2,2,0,5,9,
9,09/09/2022 (Fri),2:00 PM,Cloudy,"Cloudy, very light rain",7,,Yes,,3,8,2,0,0,4,6,
9,09/09/2022 (Fri),2:00 PM,Cloudy,"Cloudy, very light rain",7,,Yes,,3,9,0,3,0,4,7,
9,09/09/2022 (Fri),2:00 PM,Cloudy,"Cloudy, very light rain",7,,Yes,,3,10,1,3,0,4,8,
9,09/09/2022 (Fri),2:00 PM,Cloudy,"Cloudy, very light rain",7,,Yes,,3,11,0,1,0,0,1,
9,09/09/2022 (Fri),2:00 PM,Cloudy,"Cloudy, very light rain",7,,Yes,,3,12,1,0,0,0,1,
9,09/09/2022 (Fri),2:00 PM,Cloudy,"Cloudy, very light rain",7,,Yes,,3,13,0,1,0,0,1,
9,09/09/2022 (Fri),2:00 PM,Cloudy,"Cloudy, very light rain",7,,Yes,,3,14,0,1,0,0,1,
9,09/09/2022 (Fri),2:00 PM,Cloudy,"Cloudy, very light rain",7,,Yes,,3,15,0,1,0,0,1,
9,09/09/2022 (Fri),2:00 PM,Cloudy,"Cloudy, very light rain",7,,Yes,,3,16,0,1,0,0,1,
9,09/09/2022 (Fri),2:00 PM,Cloudy,"Cloudy, very light rain",7,,Yes,,3,17,0,1,0,0,1,
9,09/09/2022 (Fri),2:00 PM,Cloudy,"Cloudy, very light rain",7,,Yes,,3,18,0,0,0,0,0,
9,09/09/2022 (Fri),2:00 PM,Cloudy,"Cloudy, very light rain",7,,Yes,,3,19,0,0,0,0,0,
9,09/09/2022 (Fri),2:00 PM,Cloudy,"Cloudy, very light rain",7,,Yes,,3,20,0,0,0,0,0,
10,09/09/2022 (Fri),5:00 PM,Rainy,Very light rain,7,,Yes,"Few strands on ground, browse hanging",1,1,0,0,0,0,0,
10,09/09/2022 (Fri),5:00 PM,Rainy,Very light rain,7,,Yes,"Few strands on ground, browse hanging",1,2,0,0,0,0,0,
10,09/09/2022 (Fri),5:00 PM,Rainy,Very light rain,7,,Yes,"Few strands on ground, browse hanging",1,3,0,0,0,0,0,
10,09/09/2022 (Fri),5:00 PM,Rainy,Very light rain,7,,Yes,"Few strands on ground, browse hanging",1,4,0,0,0,0,0,
10,09/09/2022 (Fri),5:00 PM,Rainy,Very light rain,7,,Yes,"Few strands on ground, browse hanging",1,5,0,0,0,0,0,
10,09/09/2022 (Fri),5:00 PM,Rainy,Light rain,7,,Yes,"Few strands on ground, browse hanging",1,6,0,0,0,0,0,
10,09/09/2022 (Fri),5:00 PM,Rainy,Light rain,7,,Yes,"Few strands on ground, browse hanging",1,7,0,0,0,0,0,
10,09/09/2022 (Fri),5:00 PM,Rainy,Light rain,7,,Yes,"Few strands on ground, browse hanging",1,8,0,0,0,0,0,
10,09/09/2022 (Fri),5:00 PM,Rainy,Light rain,7,,Yes,"Few strands on ground, browse hanging",1,9,0,0,0,0,0,
10,09/09/2022 (Fri),5:00 PM,Rainy,Light to moderate rain,7,,Yes,"Few strands on ground, browse hanging",1,10,0,0,0,0,0,
10,09/09/2022 (Fri),5:00 PM,Rainy,Light to moderate rain,7,,Yes,"Few strands on ground, browse hanging",1,11,0,0,0,0,0,
10,09/09/2022 (Fri),5:00 PM,Rainy,Light to moderate rain,7,,Yes,"Few strands on ground, browse hanging",1,12,0,0,0,0,0,
10,09/09/2022 (Fri),5:00 PM,Rainy,Light to moderate rain,7,,Yes,"Few strands on ground, browse hanging",1,13,0,0,0,0,0,
10,09/09/2022 (Fri),5:00 PM,Rainy,Very light rain,7,,Yes,"Few strands on ground, browse hanging",1,14,0,0,0,0,0,
10,09/09/2022 (Fri),5:00 PM,Rainy,Very light rain,7,,Yes,"Few strands on ground, browse hanging",1,15,0,0,0,0,0,
10,09/09/2022 (Fri),5:00 PM,Rainy,Very light rain,7,,Yes,"Few strands on ground, browse hanging",1,16,0,0,0,0,0,
10,09/09/2022 (Fri),5:00 PM,Rainy,Light rain,7,,Yes,"Few strands on ground, browse hanging",1,17,0,0,0,0,0,
10,09/09/2022 (Fri),5:00 PM,Rainy,Light rain,7,,Yes,"Few strands on ground, browse hanging",1,18,0,0,0,0,0,
10,09/09/2022 (Fri),5:00 PM,Rainy,Light rain,7,,Yes,"Few strands on ground, browse hanging",1,19,0,0,0,0,0,
10,09/09/2022 (Fri),5:00 PM,Rainy,Light rain,7,,Yes,"Few strands on ground, browse hanging",1,20,0,0,0,0,0,
11,12/09/2022 (Mon),2:00 PM,Sunny,,7,,Yes,,3,1,0,0,0,5,5,
11,12/09/2022 (Mon),2:00 PM,Sunny,,7,,Yes,,3,2,0,0,0,7,7,
11,12/09/2022 (Mon),2:00 PM,Sunny,,7,,Yes,,3,3,0,0,0,5,5,
11,12/09/2022 (Mon),2:00 PM,Sunny,,7,,Yes,,3,4,0,1,0,5,6,
11,12/09/2022 (Mon),2:00 PM,Sunny,,7,,Yes,,3,5,0,0,1,4,5,
11,12/09/2022 (Mon),2:00 PM,Sunny,,7,,Yes,,3,6,1,0,0,5,6,
11,12/09/2022 (Mon),2:00 PM,Sunny,,7,,Yes,,3,7,0,0,0,4,4,
11,12/09/2022 (Mon),2:00 PM,Sunny,,7,,Yes,,3,8,0,1,0,3,4,
11,12/09/2022 (Mon),2:00 PM,Sunny,,7,,Yes,,3,9,0,0,0,3,3,
11,12/09/2022 (Mon),2:00 PM,Sunny,,7,,Yes,,3,10,0,0,0,3,3,
11,12/09/2022 (Mon),2:00 PM,Sunny,,7,,Yes,,3,11,1,0,0,0,1,
11,12/09/2022 (Mon),2:00 PM,Sunny,,7,,Yes,,3,12,0,1,0,0,1,
11,12/09/2022 (Mon),2:00 PM,Sunny,,7,,Yes,,3,13,0,0,0,0,0,
11,12/09/2022 (Mon),2:00 PM,Sunny,,7,,Yes,,3,14,0,1,0,0,1,
11,12/09/2022 (Mon),2:00 PM,Sunny,,7,,Yes,,3,15,0,1,0,0,1,
11,12/09/2022 (Mon),2:00 PM,Sunny,,7,,Yes,,3,16,0,0,0,1,1,
11,12/09/2022 (Mon),2:00 PM,Sunny,,7,,Yes,,3,17,0,0,0,0,0,
11,12/09/2022 (Mon),2:00 PM,Sunny,,7,,Yes,,3,18,0,4,0,3,7,
11,12/09/2022 (Mon),2:00 PM,Sunny,,7,,Yes,,3,19,1,0,0,12,13,
11,12/09/2022 (Mon),2:00 PM,Sunny,,7,,Yes,,3,20,0,1,1,6,8,
12,12/09/2022 (Mon),5:00 PM,Sunny,,7,,Yes,Very very few strands on ground and very little browse hanging,1,1,1,2,0,7,10,
12,12/09/2022 (Mon),5:00 PM,Sunny,,7,,Yes,Very very few strands on ground and very little browse hanging,1,2,3,2,1,3,9,
12,12/09/2022 (Mon),5:00 PM,Sunny,,7,,Yes,Very very few strands on ground and very little browse hanging,1,3,2,2,0,5,9,
12,12/09/2022 (Mon),5:00 PM,Sunny,,7,,Yes,Very very few strands on ground and very little browse hanging,1,4,3,2,0,3,8,
12,12/09/2022 (Mon),5:00 PM,Sunny,,7,,Yes,Very very few strands on ground and very little browse hanging,1,5,2,2,2,3,9,
12,12/09/2022 (Mon),5:00 PM,Sunny,,7,,Yes,Very very few strands on ground and very little browse hanging,1,6,0,3,0,9,12,
12,12/09/2022 (Mon),5:00 PM,Sunny,,7,,Yes,Very very few strands on ground and very little browse hanging,1,7,0,1,0,9,10,
12,12/09/2022 (Mon),5:00 PM,Sunny,,7,,Yes,Very very few strands on ground and very little browse hanging,1,8,0,3,0,6,9,
12,12/09/2022 (Mon),5:00 PM,Sunny,,7,,Yes,Very very few strands on ground and very little browse hanging,1,9,2,0,0,6,8,
12,12/09/2022 (Mon),5:00 PM,Sunny,,7,,Yes,Very very few strands on ground and very little browse hanging,1,10,1,2,1,5,9,
12,12/09/2022 (Mon),5:00 PM,Sunny,,7,,Yes,Very very few strands on ground and very little browse hanging,1,11,0,2,0,9,11,
12,12/09/2022 (Mon),5:00 PM,Sunny,,7,,Yes,Very very few strands on ground and very little browse hanging,1,12,3,0,0,9,12,
12,12/09/2022 (Mon),5:00 PM,Sunny,,7,,Yes,Very very few strands on ground and very little browse hanging,1,13,1,0,0,7,8,
12,12/09/2022 (Mon),5:00 PM,Sunny,,7,,Yes,Very very few strands on ground and very little browse hanging,1,14,0,0,0,7,7,
12,12/09/2022 (Mon),5:00 PM,Sunny,,7,,Yes,Very very few strands on ground and very little browse hanging,1,15,1,0,1,5,7,
12,12/09/2022 (Mon),5:00 PM,Sunny,,7,,Yes,Very very few strands on ground and very little browse hanging,1,16,1,0,0,9,10,
12,12/09/2022 (Mon),5:00 PM,Sunny,,7,,Yes,Very very few strands on ground and very little browse hanging,1,17,1,0,1,2,4,
12,12/09/2022 (Mon),5:00 PM,Sunny,,7,,Yes,Very very few strands on ground and very little browse hanging,1,18,3,0,0,2,5,
12,12/09/2022 (Mon),5:00 PM,Sunny,,7,,Yes,Very very few strands on ground and very little browse hanging,1,19,1,1,1,0,3,
12,12/09/2022 (Mon),5:00 PM,Sunny,,7,,Yes,Very very few strands on ground and very little browse hanging,1,20,3,1,0,4,8,
13,13/09/2022 (Tue),2:00 PM,Rainy,Light rain,0,,Yes,,3,1,0,0,0,0,0,0 rhinos present
13,13/09/2022 (Tue),2:00 PM,Rainy,Light rain,0,,Yes,,3,2,0,0,0,0,0,0 rhinos present
13,13/09/2022 (Tue),2:00 PM,Rainy,Light rain,0,,Yes,,3,3,0,0,0,0,0,0 rhinos present
13,13/09/2022 (Tue),2:00 PM,Rainy,Light rain,0,,Yes,,3,4,0,0,0,0,0,0 rhinos present
13,13/09/2022 (Tue),2:00 PM,Rainy,Light rain,0,,Yes,,3,5,0,0,0,0,0,0 rhinos present
13,13/09/2022 (Tue),2:00 PM,Rainy,Light rain,0,,Yes,,3,6,0,0,0,0,0,0 rhinos present
13,13/09/2022 (Tue),2:00 PM,Rainy,Light rain,0,,Yes,,3,7,0,0,0,0,0,0 rhinos present
13,13/09/2022 (Tue),2:00 PM,Rainy,Light rain,0,,Yes,,3,8,0,0,0,0,0,0 rhinos present
13,13/09/2022 (Tue),2:00 PM,Rainy,Light rain,0,,Yes,,3,9,0,0,0,0,0,0 rhinos present
13,13/09/2022 (Tue),2:00 PM,Rainy,Light rain,0,,Yes,,3,10,0,0,0,0,0,0 rhinos present
13,13/09/2022 (Tue),2:00 PM,Rainy,Light rain,0,,Yes,,3,11,0,0,0,0,0,0 rhinos present
13,13/09/2022 (Tue),2:00 PM,Rainy,Light rain,0,,Yes,,3,12,0,0,0,0,0,0 rhinos present
13,13/09/2022 (Tue),2:00 PM,Rainy,Light rain,0,,Yes,,3,13,0,0,0,0,0,0 rhinos present
13,13/09/2022 (Tue),2:00 PM,Rainy,Light rain,0,,Yes,,3,14,0,0,0,0,0,0 rhinos present
13,13/09/2022 (Tue),2:00 PM,Rainy,Light rain,0,,Yes,,3,15,0,0,0,0,0,0 rhinos present
13,13/09/2022 (Tue),2:00 PM,Rainy,Light rain,0,,Yes,,3,16,0,0,0,0,0,0 rhinos present
13,13/09/2022 (Tue),2:00 PM,Rainy,Light rain,0,,Yes,,3,17,0,0,0,0,0,0 rhinos present
13,13/09/2022 (Tue),2:00 PM,Rainy,Light rain,0,,Yes,,3,18,0,0,0,0,0,0 rhinos present
13,13/09/2022 (Tue),2:00 PM,Rainy,Light rain,0,,Yes,,3,19,0,0,0,0,0,0 rhinos present
13,13/09/2022 (Tue),2:00 PM,Rainy,Light rain,0,,Yes,,3,20,0,0,0,0,0,0 rhinos present
14,13/09/2022 (Tue),2:40 PM,Cloudy,,7,,Yes,,3,1,0,0,0,0,0,
14,13/09/2022 (Tue),2:40 PM,Cloudy,,7,,Yes,,3,2,0,0,0,0,0,
14,13/09/2022 (Tue),2:40 PM,Cloudy,,7,,Yes,,3,3,0,0,0,0,0,
14,13/09/2022 (Tue),2:40 PM,Cloudy,,7,,Yes,,3,4,0,0,0,0,0,
14,13/09/2022 (Tue),2:40 PM,Cloudy,,7,,Yes,,3,5,0,0,0,0,0,
14,13/09/2022 (Tue),2:40 PM,Cloudy,,7,,Yes,,3,6,0,0,0,0,0,
14,13/09/2022 (Tue),2:40 PM,Cloudy,,7,,Yes,,3,7,0,0,0,0,0,
14,13/09/2022 (Tue),2:40 PM,Cloudy,,7,,Yes,,3,8,0,0,0,0,0,
14,13/09/2022 (Tue),2:40 PM,Cloudy,,7,,Yes,,3,9,0,0,0,0,0,
14,13/09/2022 (Tue),2:40 PM,Cloudy,,7,,Yes,,3,10,0,0,0,0,0,
14,13/09/2022 (Tue),2:40 PM,Cloudy,,7,,Yes,,3,11,0,0,0,0,0,
14,13/09/2022 (Tue),2:40 PM,Cloudy,,7,,Yes,,3,12,0,0,0,0,0,
14,13/09/2022 (Tue),2:40 PM,Cloudy,,7,,Yes,,3,13,0,0,0,0,0,
14,13/09/2022 (Tue),2:40 PM,Cloudy,,7,,Yes,,3,14,1,1,0,0,2,
14,13/09/2022 (Tue),2:40 PM,Cloudy,,7,,Yes,,3,15,0,1,0,0,1,
14,13/09/2022 (Tue),2:40 PM,Cloudy,,7,,Yes,,3,16,0,1,0,2,3,
14,13/09/2022 (Tue),2:40 PM,Cloudy,,7,,Yes,,3,17,0,3,1,1,5,
14,13/09/2022 (Tue),2:40 PM,Cloudy,,7,,Yes,,3,18,0,4,0,2,6,
14,13/09/2022 (Tue),2:40 PM,Cloudy,,7,,Yes,,3,19,0,4,0,2,6,
14,13/09/2022 (Tue),2:40 PM,Cloudy,,7,,Yes,,3,20,0,2,0,2,4,
15,13/09/2022 (Tue),5:00 PM,Cloudy,,7,,Yes,"Few strands on ground, some browse hanging and on ground",1,1,0,2,0,1,3,
15,13/09/2022 (Tue),5:00 PM,Cloudy,,7,,Yes,"Few strands on ground, some browse hanging and on ground",1,2,1,1,0,0,2,
15,13/09/2022 (Tue),5:00 PM,Cloudy,,7,,Yes,"Few strands on ground, some browse hanging and on ground",1,3,0,1,0,1,2,
15,13/09/2022 (Tue),5:00 PM,Cloudy,,7,,Yes,"Few strands on ground, some browse hanging and on ground",1,4,0,1,0,1,2,
15,13/09/2022 (Tue),5:00 PM,Cloudy,,7,,Yes,"Few strands on ground, some browse hanging and on ground",1,5,1,1,0,0,2,
15,13/09/2022 (Tue),5:00 PM,Cloudy,,7,,Yes,"Few strands on ground, some browse hanging and on ground",1,6,0,0,0,0,0,
15,13/09/2022 (Tue),5:00 PM,Cloudy,,7,,Yes,"Few strands on ground, some browse hanging and on ground",1,7,1,0,0,0,1,
15,13/09/2022 (Tue),5:00 PM,Cloudy,,7,,Yes,"Few strands on ground, some browse hanging and on ground",1,8,0,0,0,0,0,
15,13/09/2022 (Tue),5:00 PM,Cloudy,,7,,Yes,"Few strands on ground, some browse hanging and on ground",1,9,0,0,0,0,0,
15,13/09/2022 (Tue),5:00 PM,Cloudy,,7,,Yes,"Few strands on ground, some browse hanging and on ground",1,10,0,0,0,0,0,
15,13/09/2022 (Tue),5:00 PM,Cloudy,,7,,Yes,"Few strands on ground, some browse hanging and on ground",1,11,0,0,0,0,0,
15,13/09/2022 (Tue),5:00 PM,Cloudy,,7,,Yes,"Few strands on ground, some browse hanging and on ground",1,12,0,0,0,0,0,
15,13/09/2022 (Tue),5:00 PM,Cloudy,,7,,Yes,"Few strands on ground, some browse hanging and on ground",1,13,0,0,0,0,0,
15,13/09/2022 (Tue),5:00 PM,Cloudy,,7,,Yes,"Few strands on ground, some browse hanging and on ground",1,14,0,0,0,0,0,
15,13/09/2022 (Tue),5:00 PM,Cloudy,,7,,Yes,"Few strands on ground, some browse hanging and on ground",1,15,0,0,0,0,0,
15,13/09/2022 (Tue),5:00 PM,Cloudy,,7,,Yes,"Few strands on ground, some browse hanging and on ground",1,16,0,0,0,0,0,
15,13/09/2022 (Tue),5:00 PM,Cloudy,,7,,Yes,"Few strands on ground, some browse hanging and on ground",1,17,0,0,0,0,0,
15,13/09/2022 (Tue),5:00 PM,Cloudy,,7,,Yes,"Few strands on ground, some browse hanging and on ground",1,18,0,0,0,0,0,
15,13/09/2022 (Tue),5:00 PM,Cloudy,,7,,Yes,"Few strands on ground, some browse hanging and on ground",1,19,0,0,0,0,0,
15,13/09/2022 (Tue),5:00 PM,Cloudy,,7,,Yes,"Few strands on ground, some browse hanging and on ground",1,20,0,0,0,0,0,
16,14/09/2022 (Wed),2:00 PM,Cloudy,,2,Donsa and Nia,Yes,,1,1,0,0,0,0,0,
16,14/09/2022 (Wed),2:00 PM,Cloudy,,2,Donsa and Nia,Yes,,1,2,0,0,0,0,0,
16,14/09/2022 (Wed),2:00 PM,Cloudy,,2,Donsa and Nia,Yes,,1,3,0,0,0,0,0,
16,14/09/2022 (Wed),2:00 PM,Cloudy,,2,Donsa and Nia,Yes,,1,4,0,0,0,0,0,
16,14/09/2022 (Wed),2:00 PM,Cloudy,,2,Donsa and Nia,Yes,,1,5,0,0,0,0,0,
16,14/09/2022 (Wed),2:00 PM,Cloudy,,2,Donsa and Nia,Yes,,1,6,0,0,0,0,0,
16,14/09/2022 (Wed),2:00 PM,Cloudy,,2,Donsa and Nia,Yes,,1,7,0,0,0,0,0,
16,14/09/2022 (Wed),2:00 PM,Cloudy,,2,Donsa and Nia,Yes,,1,8,0,0,0,0,0,
16,14/09/2022 (Wed),2:00 PM,Cloudy,,2,Donsa and Nia,Yes,,1,9,0,0,0,0,0,
16,14/09/2022 (Wed),2:00 PM,Cloudy,,2,Donsa and Nia,Yes,,1,10,0,0,0,0,0,
16,14/09/2022 (Wed),2:00 PM,Cloudy,,2,Donsa and Nia,Yes,,1,11,0,0,0,0,0,
16,14/09/2022 (Wed),2:00 PM,Cloudy,,2,Donsa and Nia,Yes,,1,12,0,0,0,0,0,
16,14/09/2022 (Wed),2:00 PM,Cloudy,,2,Donsa and Nia,Yes,,1,13,0,0,0,0,0,
16,14/09/2022 (Wed),2:00 PM,Cloudy,,2,Donsa and Nia,Yes,,1,14,0,0,0,0,0,
16,14/09/2022 (Wed),2:00 PM,Cloudy,,2,Donsa and Nia,Yes,,1,15,0,0,0,0,0,
16,14/09/2022 (Wed),2:00 PM,Cloudy,,2,Donsa and Nia,Yes,,1,16,0,0,0,0,0,
16,14/09/2022 (Wed),2:00 PM,Cloudy,,2,Donsa and Nia,Yes,,1,17,0,0,0,0,0,
16,14/09/2022 (Wed),2:00 PM,Cloudy,,2,Donsa and Nia,Yes,,1,18,0,0,0,0,0,
16,14/09/2022 (Wed),2:00 PM,Cloudy,,2,Donsa and Nia,Yes,,1,19,0,0,0,0,0,
16,14/09/2022 (Wed),2:00 PM,Cloudy,,2,Donsa and Nia,Yes,,1,20,0,0,0,0,0,
17,14/09/2022 (Wed),5:00 PM,Cloudy,,5,,Yes,,3,1,0,0,0,0,0,
17,14/09/2022 (Wed),5:00 PM,Cloudy,,5,,Yes,,3,2,0,0,0,0,0,
17,14/09/2022 (Wed),5:00 PM,Cloudy,,5,,Yes,,3,3,0,0,0,0,0,
17,14/09/2022 (Wed),5:00 PM,Cloudy,,5,,Yes,,3,4,0,0,0,0,0,
17,14/09/2022 (Wed),5:00 PM,Cloudy,,5,,Yes,,3,5,0,0,0,0,0,
17,14/09/2022 (Wed),5:00 PM,Cloudy,,5,,Yes,,3,6,0,0,0,0,0,
17,14/09/2022 (Wed),5:00 PM,Cloudy,,5,,Yes,,3,7,0,0,0,0,0,
17,14/09/2022 (Wed),5:00 PM,Cloudy,,5,,Yes,,3,8,0,0,0,0,0,
17,14/09/2022 (Wed),5:00 PM,Cloudy,,5,,Yes,,3,9,0,0,0,0,0,
17,14/09/2022 (Wed),5:00 PM,Cloudy,,5,,Yes,,3,10,0,0,0,0,0,
17,14/09/2022 (Wed),5:00 PM,Cloudy,,5,,Yes,,3,11,0,0,0,0,0,
17,14/09/2022 (Wed),5:00 PM,Cloudy,,5,,Yes,,3,12,0,0,0,0,0,
17,14/09/2022 (Wed),5:00 PM,Cloudy,,5,,Yes,,3,13,0,0,0,0,0,
17,14/09/2022 (Wed),5:00 PM,Cloudy,,5,,Yes,,3,14,0,0,0,0,0,
17,14/09/2022 (Wed),5:00 PM,Cloudy,,5,,Yes,,3,15,0,0,0,0,0,
17,14/09/2022 (Wed),5:00 PM,Cloudy,,5,,Yes,,3,16,0,0,0,0,0,
17,14/09/2022 (Wed),5:00 PM,Cloudy,,5,,Yes,,3,17,0,0,0,0,0,
17,14/09/2022 (Wed),5:00 PM,Cloudy,,5,,Yes,,3,18,0,0,0,0,0,
17,14/09/2022 (Wed),5:00 PM,Cloudy,,5,,Yes,,3,19,0,0,0,0,0,
17,14/09/2022 (Wed),5:00 PM,Cloudy,,5,,Yes,,3,20,0,0,0,0,0,
18,15/09/2022 (Thu),2:00 PM,Sunny,,7,,Yes,,3,1,0,0,0,6,6,
18,15/09/2022 (Thu),2:00 PM,Sunny,,7,,Yes,,3,2,0,0,0,4,4,
18,15/09/2022 (Thu),2:00 PM,Sunny,,7,,Yes,,3,3,0,0,0,7,7,
18,15/09/2022 (Thu),2:00 PM,Sunny,,7,,Yes,,3,4,0,0,0,6,6,
18,15/09/2022 (Thu),2:00 PM,Sunny,,7,,Yes,,3,5,0,0,0,7,7,
18,15/09/2022 (Thu),2:00 PM,Sunny,,7,,Yes,,3,6,0,0,0,9,9,
18,15/09/2022 (Thu),2:00 PM,Sunny,,7,,Yes,,3,7,0,0,0,10,10,
18,15/09/2022 (Thu),2:00 PM,Sunny,,7,,Yes,,3,8,0,0,0,10,10,
18,15/09/2022 (Thu),2:00 PM,Sunny,,7,,Yes,,3,9,0,1,0,10,11,
18,15/09/2022 (Thu),2:00 PM,Sunny,,7,,Yes,,3,10,0,2,0,8,10,
18,15/09/2022 (Thu),2:00 PM,Sunny,,7,,Yes,,3,11,1,0,0,10,11,
18,15/09/2022 (Thu),2:00 PM,Sunny,,7,,Yes,,3,12,0,1,0,4,5,
18,15/09/2022 (Thu),2:00 PM,Sunny,,7,,Yes,,3,13,0,1,0,10,11,
18,15/09/2022 (Thu),2:00 PM,Sunny,,7,,Yes,,3,14,1,0,0,8,9,
18,15/09/2022 (Thu),2:00 PM,Sunny,,7,,Yes,,3,15,1,0,0,9,10,
18,15/09/2022 (Thu),2:00 PM,Sunny,,7,,Yes,,3,16,1,0,0,8,9,
18,15/09/2022 (Thu),2:00 PM,Sunny,,7,,Yes,,3,17,1,1,0,7,9,
18,15/09/2022 (Thu),2:00 PM,Sunny,,7,,Yes,,3,18,0,1,0,8,9,
18,15/09/2022 (Thu),2:00 PM,Sunny,,7,,Yes,,3,19,0,0,1,3,4,
18,15/09/2022 (Thu),2:00 PM,Sunny,,7,,Yes,,3,20,1,0,0,4,5,
19,15/09/2022 (Thu),5:00 PM,Cloudy,,7,,Yes,"Very very few strands on ground, some browse hanging",1,1,0,0,0,0,0,
19,15/09/2022 (Thu),5:00 PM,Cloudy,,7,,Yes,"Very very few strands on ground, some browse hanging",1,2,0,0,0,0,0,
19,15/09/2022 (Thu),5:00 PM,Cloudy,,7,,Yes,"Very very few strands on ground, some browse hanging",1,3,0,0,0,0,0,
19,15/09/2022 (Thu),5:00 PM,Cloudy,,7,,Yes,"Very very few strands on ground, some browse hanging",1,4,0,0,0,0,0,
19,15/09/2022 (Thu),5:00 PM,Cloudy,,7,,Yes,"Very very few strands on ground, some browse hanging",1,5,0,0,0,0,0,
19,15/09/2022 (Thu),5:00 PM,Cloudy,,7,,Yes,"Very very few strands on ground, some browse hanging",1,6,0,0,0,0,0,
19,15/09/2022 (Thu),5:00 PM,Cloudy,,7,,Yes,"Very very few strands on ground, some browse hanging",1,7,0,0,0,0,0,
19,15/09/2022 (Thu),5:00 PM,Cloudy,,7,,Yes,"Very very few strands on ground, some browse hanging",1,8,0,0,0,0,0,
19,15/09/2022 (Thu),5:00 PM,Cloudy,,7,,Yes,"Very very few strands on ground, some browse hanging",1,9,0,0,0,0,0,
19,15/09/2022 (Thu),5:00 PM,Cloudy,,7,,Yes,"Very very few strands on ground, some browse hanging",1,10,0,0,0,0,0,
19,15/09/2022 (Thu),5:00 PM,Cloudy,,7,,Yes,"Very very few strands on ground, some browse hanging",1,11,0,0,0,0,0,
19,15/09/2022 (Thu),5:00 PM,Cloudy,,7,,Yes,"Very very few strands on ground, some browse hanging",1,12,0,0,0,0,0,
19,15/09/2022 (Thu),5:00 PM,Cloudy,,7,,Yes,"Very very few strands on ground, some browse hanging",1,13,0,0,0,0,0,
19,15/09/2022 (Thu),5:00 PM,Cloudy,,7,,Yes,"Very very few strands on ground, some browse hanging",1,14,0,0,0,0,0,
19,15/09/2022 (Thu),5:00 PM,Cloudy,,7,,Yes,"Very very few strands on ground, some browse hanging",1,15,0,0,0,0,0,
19,15/09/2022 (Thu),5:00 PM,Cloudy,,7,,Yes,"Very very few strands on ground, some browse hanging",1,16,0,0,0,0,0,
19,15/09/2022 (Thu),5:00 PM,Cloudy,,7,,Yes,"Very very few strands on ground, some browse hanging",1,17,0,0,0,0,0,
19,15/09/2022 (Thu),5:00 PM,Cloudy,,7,,Yes,"Very very few strands on ground, some browse hanging",1,18,0,0,0,0,0,
19,15/09/2022 (Thu),5:00 PM,Cloudy,,7,,Yes,"Very very few strands on ground, some browse hanging",1,19,0,0,0,0,0,
19,15/09/2022 (Thu),5:00 PM,Cloudy,,7,,Yes,"Very very few strands on ground, some browse hanging",1,20,0,0,0,0,0,
20,16/09/2022 (Fri),2:00 PM,Sunny,,7,,Yes,,3,1,1,0,0,11,12,
20,16/09/2022 (Fri),2:00 PM,Sunny,,7,,Yes,,3,2,2,1,0,12,15,
20,16/09/2022 (Fri),2:00 PM,Sunny,,7,,Yes,,3,3,2,3,0,9,14,
20,16/09/2022 (Fri),2:00 PM,Sunny,,7,,Yes,,3,4,0,3,0,10,13,
20,16/09/2022 (Fri),2:00 PM,Sunny,,7,,Yes,,3,5,1,4,1,7,13,
20,16/09/2022 (Fri),2:00 PM,Sunny,,7,,Yes,,3,6,1,3,0,10,14,
20,16/09/2022 (Fri),2:00 PM,Sunny,,7,,Yes,,3,7,2,2,0,9,13,
20,16/09/2022 (Fri),2:00 PM,Sunny,,7,,Yes,,3,8,1,1,0,10,12,
20,16/09/2022 (Fri),2:00 PM,Sunny,,7,,Yes,,3,9,1,1,0,9,11,
20,16/09/2022 (Fri),2:00 PM,Sunny,,7,,Yes,,3,10,2,2,0,9,13,
20,16/09/2022 (Fri),2:00 PM,Sunny,,7,,Yes,,3,11,2,1,0,12,15,
20,16/09/2022 (Fri),2:00 PM,Sunny,,7,,Yes,,3,12,1,1,0,11,13,
20,16/09/2022 (Fri),2:00 PM,Sunny,,7,,Yes,,3,13,1,4,0,12,17,
20,16/09/2022 (Fri),2:00 PM,Sunny,,7,,Yes,,3,14,0,1,0,7,8,
20,16/09/2022 (Fri),2:00 PM,Sunny,,7,,Yes,,3,15,1,1,1,14,17,
20,16/09/2022 (Fri),2:00 PM,Sunny,,7,,Yes,,3,16,3,0,0,14,17,
20,16/09/2022 (Fri),2:00 PM,Sunny,,7,,Yes,,3,17,1,0,0,11,12,
20,16/09/2022 (Fri),2:00 PM,Sunny,,7,,Yes,,3,18,1,2,0,11,14,
20,16/09/2022 (Fri),2:00 PM,Sunny,,7,,Yes,,3,19,2,1,0,13,16,
20,16/09/2022 (Fri),2:00 PM,Sunny,,7,,Yes,,3,20,1,2,0,9,12,
21,16/09/2022 (Fri),5:00 PM,Cloudy,,7,,Yes,"Very very few strands on ground, a bit of browse hanging",1,1,1,0,0,0,1,
21,16/09/2022 (Fri),5:00 PM,Cloudy,,7,,Yes,"Very very few strands on ground, a bit of browse hanging",1,2,0,2,0,0,2,
21,16/09/2022 (Fri),5:00 PM,Cloudy,,7,,Yes,"Very very few strands on ground, a bit of browse hanging",1,3,0,0,0,6,6,
21,16/09/2022 (Fri),5:00 PM,Cloudy,,7,,Yes,"Very very few strands on ground, a bit of browse hanging",1,4,0,0,0,2,2,
21,16/09/2022 (Fri),5:00 PM,Cloudy,,7,,Yes,"Very very few strands on ground, a bit of browse hanging",1,5,0,1,0,2,3,
21,16/09/2022 (Fri),5:00 PM,Cloudy,,7,,Yes,"Very very few strands on ground, a bit of browse hanging",1,6,0,0,1,7,8,
21,16/09/2022 (Fri),5:00 PM,Cloudy,,7,,Yes,"Very very few strands on ground, a bit of browse hanging",1,7,0,3,1,2,6,
21,16/09/2022 (Fri),5:00 PM,Cloudy,,7,,Yes,"Very very few strands on ground, a bit of browse hanging",1,8,0,3,0,3,6,
21,16/09/2022 (Fri),5:00 PM,Cloudy,,7,,Yes,"Very very few strands on ground, a bit of browse hanging",1,9,2,2,0,2,6,
21,16/09/2022 (Fri),5:00 PM,Cloudy,,7,,Yes,"Very very few strands on ground, a bit of browse hanging",1,10,0,1,0,4,5,
21,16/09/2022 (Fri),5:00 PM,Cloudy,,7,,Yes,"Very very few strands on ground, a bit of browse hanging",1,11,0,1,0,1,2,
21,16/09/2022 (Fri),5:00 PM,Cloudy,,7,,Yes,"Very very few strands on ground, a bit of browse hanging",1,12,0,1,0,5,6,
21,16/09/2022 (Fri),5:00 PM,Cloudy,,7,,Yes,"Very very few strands on ground, a bit of browse hanging",1,13,0,0,0,2,2,
21,16/09/2022 (Fri),5:00 PM,Cloudy,,7,,Yes,"Very very few strands on ground, a bit of browse hanging",1,14,0,1,0,2,3,
21,16/09/2022 (Fri),5:00 PM,Cloudy,,7,,Yes,"Very very few strands on ground, a bit of browse hanging",1,15,0,0,0,0,0,
21,16/09/2022 (Fri),5:00 PM,Cloudy,,7,,Yes,"Very very few strands on ground, a bit of browse hanging",1,16,0,1,0,1,2,
21,16/09/2022 (Fri),5:00 PM,Cloudy,,7,,Yes,"Very very few strands on ground, a bit of browse hanging",1,17,0,0,0,7,7,
21,16/09/2022 (Fri),5:00 PM,Cloudy,,7,,Yes,"Very very few strands on ground, a bit of browse hanging",1,18,0,0,0,9,9,
21,16/09/2022 (Fri),5:00 PM,Cloudy,,7,,Yes,"Very very few strands on ground, a bit of browse hanging",1,19,0,0,0,6,6,
21,16/09/2022 (Fri),5:00 PM,Cloudy,,7,,Yes,"Very very few strands on ground, a bit of browse hanging",1,20,1,0,0,8,9,
22,19/09/2022 (Mon),2:00 PM,Cloudy,,7,,Yes,,3,1,2,0,0,2,4,
22,19/09/2022 (Mon),2:00 PM,Cloudy,,7,,Yes,,3,2,1,1,0,1,3,
22,19/09/2022 (Mon),2:00 PM,Cloudy,,7,,Yes,,3,3,1,1,0,2,4,
22,19/09/2022 (Mon),2:00 PM,Cloudy,,7,,Yes,,3,4,1,1,0,1,3,
22,19/09/2022 (Mon),2:00 PM,Cloudy,,7,,Yes,,3,5,1,0,0,2,3,
22,19/09/2022 (Mon),2:00 PM,Cloudy,,7,,Yes,,3,6,0,1,0,0,1,
22,19/09/2022 (Mon),2:00 PM,Cloudy,,7,,Yes,,3,7,0,1,0,1,2,
22,19/09/2022 (Mon),2:00 PM,Cloudy,,7,,Yes,,3,8,0,0,0,1,1,
22,19/09/2022 (Mon),2:00 PM,Cloudy,,7,,Yes,,3,9,0,1,0,0,1,
22,19/09/2022 (Mon),2:00 PM,Cloudy,,7,,Yes,,3,10,0,1,0,0,1,
22,19/09/2022 (Mon),2:00 PM,Cloudy,,7,,Yes,,3,11,1,0,0,1,2,
22,19/09/2022 (Mon),2:00 PM,Cloudy,,7,,Yes,,3,12,0,1,0,0,1,
22,19/09/2022 (Mon),2:00 PM,Cloudy,,7,,Yes,,3,13,0,2,0,0,2,
22,19/09/2022 (Mon),2:00 PM,Cloudy,,7,,Yes,,3,14,0,1,0,0,1,
22,19/09/2022 (Mon),2:00 PM,Cloudy,,7,,Yes,,3,15,1,0,0,0,1,
22,19/09/2022 (Mon),2:00 PM,Cloudy,,7,,Yes,,3,16,0,0,0,0,0,
22,19/09/2022 (Mon),2:00 PM,Cloudy,,7,,Yes,,3,17,0,0,0,0,0,
22,19/09/2022 (Mon),2:00 PM,Cloudy,,7,,Yes,,3,18,0,0,0,0,0,
22,19/09/2022 (Mon),2:00 PM,Cloudy,,7,,Yes,,3,19,1,1,0,0,2,
22,19/09/2022 (Mon),2:00 PM,Cloudy,,7,,Yes,,3,20,0,1,0,0,1,
23,19/09/2022 (Mon),5:00 PM,Cloudy,,7,,Yes,Very very few strands on ground,1,1,0,0,0,0,0,
23,19/09/2022 (Mon),5:00 PM,Cloudy,,7,,Yes,Very very few strands on ground,1,2,0,0,0,0,0,
23,19/09/2022 (Mon),5:00 PM,Cloudy,,7,,Yes,Very very few strands on ground,1,3,0,0,0,0,0,
23,19/09/2022 (Mon),5:00 PM,Cloudy,,7,,Yes,Very very few strands on ground,1,4,0,0,0,0,0,
23,19/09/2022 (Mon),5:00 PM,Cloudy,,7,,Yes,Very very few strands on ground,1,5,0,0,0,0,0,
23,19/09/2022 (Mon),5:00 PM,Cloudy,,7,,Yes,Very very few strands on ground,1,6,0,0,0,0,0,
23,19/09/2022 (Mon),5:00 PM,Cloudy,,7,,Yes,Very very few strands on ground,1,7,0,0,0,0,0,
23,19/09/2022 (Mon),5:00 PM,Cloudy,,7,,Yes,Very very few strands on ground,1,8,0,0,0,0,0,
23,19/09/2022 (Mon),5:00 PM,Cloudy,,7,,Yes,Very very few strands on ground,1,9,0,0,0,0,0,
23,19/09/2022 (Mon),5:00 PM,Cloudy,,7,,Yes,Very very few strands on ground,1,10,0,0,0,0,0,
23,19/09/2022 (Mon),5:00 PM,Cloudy,,7,,Yes,Very very few strands on ground,1,11,0,0,0,0,0,
23,19/09/2022 (Mon),5:00 PM,Cloudy,,7,,Yes,Very very few strands on ground,1,12,0,0,0,0,0,
23,19/09/2022 (Mon),5:00 PM,Cloudy,,7,,Yes,Very very few strands on ground,1,13,0,0,0,0,0,
23,19/09/2022 (Mon),5:00 PM,Cloudy,,7,,Yes,Very very few strands on ground,1,14,0,0,0,0,0,
23,19/09/2022 (Mon),5:00 PM,Cloudy,,7,,Yes,Very very few strands on ground,1,15,0,0,0,0,0,
23,19/09/2022 (Mon),5:00 PM,Cloudy,,7,,Yes,Very very few strands on ground,1,16,0,0,0,0,0,
23,19/09/2022 (Mon),5:00 PM,Cloudy,,7,,Yes,Very very few strands on ground,1,17,0,0,0,0,0,
23,19/09/2022 (Mon),5:00 PM,Cloudy,,7,,Yes,Very very few strands on ground,1,18,0,0,0,0,0,
23,19/09/2022 (Mon),5:00 PM,Cloudy,,7,,Yes,Very very few strands on ground,1,19,0,0,0,0,0,
23,19/09/2022 (Mon),5:00 PM,Cloudy,,7,,Yes,Very very few strands on ground,1,20,0,0,0,0,0,
24,20/09/2022 (Tue),2:00 PM,Cloudy,,7,7,Yes,No,3,1,0,0,0,3,3,"7 rhinos present, no food"
24,20/09/2022 (Tue),2:00 PM,Cloudy,,7,7,Yes,No,3,2,0,0,0,1,1,"7 rhinos present, no food"
24,20/09/2022 (Tue),2:00 PM,Cloudy,,7,7,Yes,No,3,3,0,0,1,1,2,"7 rhinos present, no food"
24,20/09/2022 (Tue),2:00 PM,Cloudy,,7,7,Yes,No,3,4,0,0,0,2,2,"7 rhinos present, no food"
24,20/09/2022 (Tue),2:00 PM,Cloudy,,7,7,Yes,No,3,5,0,0,0,2,2,"7 rhinos present (rhinos called to their dens), no food"
24,20/09/2022 (Tue),2:00 PM,Cloudy,,7,0,Yes,No,3,6,0,0,0,0,0,"0 rhinos present, no food"
24,20/09/2022 (Tue),2:00 PM,Cloudy,,7,0,Yes,No,3,7,0,0,0,0,0,"0 rhinos present, no food"
24,20/09/2022 (Tue),2:00 PM,Cloudy,,7,0,Yes,No,3,8,0,0,0,0,0,"0 rhinos present, no food"
24,20/09/2022 (Tue),2:00 PM,Cloudy,,7,0,Yes,No,3,9,0,0,0,0,0,"0 rhinos present, no food"
24,20/09/2022 (Tue),2:00 PM,Cloudy,,7,0,Yes,No,3,10,0,0,0,0,0,"0 rhinos present, no food"
24,20/09/2022 (Tue),2:00 PM,Cloudy,,7,0,Yes,No,3,11,0,0,0,0,0,"0 rhinos present, no food"
24,20/09/2022 (Tue),2:00 PM,Cloudy,,7,0,Yes,No,3,12,0,0,0,0,0,"0 rhinos present, no food"
24,20/09/2022 (Tue),2:00 PM,Cloudy,,7,0,Yes,No,3,13,0,0,0,0,0,"0 rhinos present, no food"
24,20/09/2022 (Tue),2:00 PM,Cloudy,,7,0,Yes,No,3,14,0,0,0,0,0,"0 rhinos present, no food"
24,20/09/2022 (Tue),2:00 PM,Cloudy,,7,0,Yes,Yes,3,15,0,0,0,0,0,"0 rhinos present, no food"
24,20/09/2022 (Tue),2:00 PM,Cloudy,,7,2,Yes,Yes,3,16,0,2,0,0,2,"2 rhinos present, food present"
24,20/09/2022 (Tue),2:00 PM,Cloudy,,7,4,Yes,Yes,3,17,0,1,1,0,2,"4 rhinos present, food present"
24,20/09/2022 (Tue),2:00 PM,Cloudy,,7,7,Yes,Yes,3,18,0,0,0,1,1,"7 rhinos present, food present"
24,20/09/2022 (Tue),2:00 PM,Cloudy,,7,7,Yes,Yes,3,19,0,0,0,1,1,"7 rhinos present, food present"
24,20/09/2022 (Tue),2:00 PM,Cloudy,,7,7,Yes,Yes,3,20,0,1,0,0,1,"7 rhinos present, food present"
25,21/09/2022 (Wed),2:15 PM,Sunny,,7,,Yes,,3,1,3,0,0,4,7,
25,21/09/2022 (Wed),2:15 PM,Sunny,,7,,Yes,,3,2,1,2,1,0,4,
25,21/09/2022 (Wed),2:15 PM,Sunny,,7,,Yes,,3,3,1,1,0,4,6,
25,21/09/2022 (Wed),2:15 PM,Sunny,,7,,Yes,,3,4,1,0,0,5,6,
25,21/09/2022 (Wed),2:15 PM,Sunny,,7,,Yes,,3,5,1,0,0,3,4,
25,21/09/2022 (Wed),2:15 PM,Sunny,,7,,Yes,,3,6,0,0,0,0,0,
25,21/09/2022 (Wed),2:15 PM,Sunny,,7,,Yes,,3,7,0,0,1,2,3,
25,21/09/2022 (Wed),2:15 PM,Sunny,,7,,Yes,,3,8,1,1,0,1,3,
25,21/09/2022 (Wed),2:15 PM,Sunny,,7,,Yes,,3,9,1,2,0,5,8,
25,21/09/2022 (Wed),2:15 PM,Sunny,,7,,Yes,,3,10,1,0,0,4,5,
25,21/09/2022 (Wed),2:15 PM,Sunny,,7,,Yes,,3,11,1,0,0,4,5,
25,21/09/2022 (Wed),2:15 PM,Sunny,,7,,Yes,,3,12,0,1,0,2,3,
25,21/09/2022 (Wed),2:15 PM,Sunny,,7,,Yes,,3,13,2,1,0,3,6,
25,21/09/2022 (Wed),2:15 PM,Sunny,,7,,Yes,,3,14,0,4,0,1,5,
25,21/09/2022 (Wed),2:15 PM,Sunny,,7,,Yes,,3,15,2,4,0,2,8,
25,21/09/2022 (Wed),2:15 PM,Sunny,,7,,Yes,,3,16,1,1,0,9,11,
25,21/09/2022 (Wed),2:15 PM,Sunny,,7,,Yes,,3,17,2,2,0,4,8,
25,21/09/2022 (Wed),2:15 PM,Sunny,,7,,Yes,,3,18,1,4,0,3,8,
25,21/09/2022 (Wed),2:15 PM,Sunny,,7,,Yes,,3,19,2,3,0,9,14,
25,21/09/2022 (Wed),2:15 PM,Sunny,,7,,Yes,,3,20,2,1,0,7,10,
26,21/09/2022 (Wed),5:00 PM,Sunny,Slightly sunny,7,,Yes,"Very very few strands on ground, browse hanging",1,1,0,0,0,0,0,
26,21/09/2022 (Wed),5:00 PM,Sunny,Slightly sunny,7,,Yes,"Very very few strands on ground, browse hanging",1,2,0,0,0,0,0,
26,21/09/2022 (Wed),5:00 PM,Sunny,Slightly sunny,7,,Yes,"Very very few strands on ground, browse hanging",1,3,0,0,0,0,0,
26,21/09/2022 (Wed),5:00 PM,Sunny,Slightly sunny,7,,Yes,"Very very few strands on ground, browse hanging",1,4,0,0,0,0,0,
26,21/09/2022 (Wed),5:00 PM,Sunny,Slightly sunny,7,,Yes,"Very very few strands on ground, browse hanging",1,5,0,0,0,0,0,
26,21/09/2022 (Wed),5:00 PM,Sunny,Slightly sunny,7,,Yes,"Very very few strands on ground, browse hanging",1,6,0,0,0,0,0,
26,21/09/2022 (Wed),5:00 PM,Sunny,Slightly sunny,7,,Yes,"Very very few strands on ground, browse hanging",1,7,0,0,0,0,0,
26,21/09/2022 (Wed),5:00 PM,Sunny,Slightly sunny,7,,Yes,"Very very few strands on ground, browse hanging",1,8,0,0,0,0,0,
26,21/09/2022 (Wed),5:00 PM,Sunny,Slightly sunny,7,,Yes,"Very very few strands on ground, browse hanging",1,9,0,0,0,0,0,
26,21/09/2022 (Wed),5:00 PM,Sunny,Slightly sunny,7,,Yes,"Very very few strands on ground, browse hanging",1,10,0,0,0,0,0,
26,21/09/2022 (Wed),5:00 PM,Sunny,Slightly sunny,7,,Yes,"Very very few strands on ground, browse hanging",1,11,0,0,0,0,0,
26,21/09/2022 (Wed),5:00 PM,Sunny,Slightly sunny,7,,Yes,"Very very few strands on ground, browse hanging",1,12,0,0,0,0,0,
26,21/09/2022 (Wed),5:00 PM,Sunny,Slightly sunny,7,,Yes,"Very very few strands on ground, browse hanging",1,13,0,0,0,0,0,
26,21/09/2022 (Wed),5:00 PM,Sunny,Slightly sunny,7,,Yes,"Very very few strands on ground, browse hanging",1,14,0,0,0,0,0,
26,21/09/2022 (Wed),5:00 PM,Sunny,Slightly sunny,7,,Yes,"Very very few strands on ground, browse hanging",1,15,0,0,0,0,0,
26,21/09/2022 (Wed),5:00 PM,Sunny,Slightly sunny,7,,Yes,"Very very few strands on ground, browse hanging",1,16,0,1,0,0,1,
26,21/09/2022 (Wed),5:00 PM,Sunny,Slightly sunny,7,,Yes,"Very very few strands on ground, browse hanging",1,17,0,0,0,0,0,
26,21/09/2022 (Wed),5:00 PM,Sunny,Slightly sunny,7,,Yes,"Very very few strands on ground, browse hanging",1,18,0,0,0,0,0,
26,21/09/2022 (Wed),5:00 PM,Sunny,Slightly sunny,7,,Yes,"Very very few strands on ground, browse hanging",1,19,0,0,0,0,0,
26,21/09/2022 (Wed),5:00 PM,Sunny,Slightly sunny,7,,Yes,"Very very few strands on ground, browse hanging",1,20,0,0,0,0,0,
27,22/09/2022 (Thu),2:00 PM,Cloudy,Sometimes sunny,0,,Yes,"Few strands on ground, some browse hanging",1,1,0,0,0,0,0,
27,22/09/2022 (Thu),2:00 PM,Cloudy,Sometimes sunny,0,,Yes,"Few strands on ground, some browse hanging",1,2,0,0,0,0,0,
27,22/09/2022 (Thu),2:00 PM,Cloudy,Sometimes sunny,0,,Yes,"Few strands on ground, some browse hanging",1,3,0,0,0,0,0,
27,22/09/2022 (Thu),2:00 PM,Cloudy,Sometimes sunny,0,,Yes,"Few strands on ground, some browse hanging",1,4,0,0,0,0,0,
27,22/09/2022 (Thu),2:00 PM,Cloudy,Sometimes sunny,0,,Yes,"Few strands on ground, some browse hanging",1,5,0,0,0,0,0,
27,22/09/2022 (Thu),2:00 PM,Cloudy,Sometimes sunny,0,,Yes,"Few strands on ground, some browse hanging",1,6,0,0,0,0,0,
27,22/09/2022 (Thu),2:00 PM,Cloudy,Sometimes sunny,0,,Yes,"Few strands on ground, some browse hanging",1,7,0,0,0,0,0,
27,22/09/2022 (Thu),2:00 PM,Cloudy,Sometimes sunny,0,,Yes,"Few strands on ground, some browse hanging",1,8,0,0,0,0,0,
27,22/09/2022 (Thu),2:00 PM,Cloudy,Sometimes sunny,0,,Yes,"Few strands on ground, some browse hanging",1,9,0,0,0,0,0,
27,22/09/2022 (Thu),2:00 PM,Cloudy,Sometimes sunny,0,,Yes,"Few strands on ground, some browse hanging",1,10,0,0,0,0,0,
27,22/09/2022 (Thu),2:00 PM,Cloudy,Sometimes sunny,0,,Yes,"Few strands on ground, some browse hanging",1,11,0,0,0,0,0,
27,22/09/2022 (Thu),2:00 PM,Cloudy,Sometimes sunny,0,,Yes,"Few strands on ground, some browse hanging",1,12,0,0,0,0,0,
27,22/09/2022 (Thu),2:00 PM,Cloudy,Sometimes sunny,0,,Yes,"Few strands on ground, some browse hanging",1,13,0,0,0,0,0,
27,22/09/2022 (Thu),2:00 PM,Cloudy,Sometimes sunny,0,,Yes,"Few strands on ground, some browse hanging",1,14,0,0,0,0,0,
27,22/09/2022 (Thu),2:00 PM,Cloudy,Sometimes sunny,0,,Yes,"Few strands on ground, some browse hanging",1,15,0,0,0,0,0,
27,22/09/2022 (Thu),2:00 PM,Cloudy,Sometimes sunny,0,,Yes,"Few strands on ground, some browse hanging",1,16,0,0,0,0,0,
27,22/09/2022 (Thu),2:00 PM,Cloudy,Sometimes sunny,0,,Yes,"Few strands on ground, some browse hanging",1,17,0,0,0,0,0,
27,22/09/2022 (Thu),2:00 PM,Cloudy,Sometimes sunny,0,,Yes,"Few strands on ground, some browse hanging",1,18,0,0,0,0,0,
27,22/09/2022 (Thu),2:00 PM,Cloudy,Sometimes sunny,0,,Yes,"Few strands on ground, some browse hanging",1,19,0,0,0,0,0,
27,22/09/2022 (Thu),2:00 PM,Cloudy,Sometimes sunny,0,,Yes,"Few strands on ground, some browse hanging",1,20,0,0,0,0,0,
28,22/09/2022 (Thu),2:45 PM,Cloudy,Slightly sunny,2,Donsa and Nia,Yes,,1,1,0,0,0,0,0,
28,22/09/2022 (Thu),2:45 PM,Cloudy,Slightly sunny,2,Donsa and Nia,Yes,,1,2,0,0,0,0,0,
28,22/09/2022 (Thu),2:45 PM,Cloudy,Slightly sunny,2,Donsa and Nia,Yes,,1,3,0,0,0,0,0,
28,22/09/2022 (Thu),2:45 PM,Cloudy,Slightly sunny,2,Donsa and Nia,Yes,,1,4,0,0,0,0,0,
28,22/09/2022 (Thu),2:45 PM,Cloudy,Slightly sunny,2,Donsa and Nia,Yes,,1,5,0,0,0,0,0,
28,22/09/2022 (Thu),2:45 PM,Cloudy,Slightly sunny,2,Donsa and Nia,Yes,,1,6,0,0,0,0,0,
28,22/09/2022 (Thu),2:45 PM,Cloudy,Slightly sunny,2,Donsa and Nia,Yes,,1,7,0,0,0,0,0,
28,22/09/2022 (Thu),2:45 PM,Cloudy,Slightly sunny,2,Donsa and Nia,Yes,,1,8,0,0,0,0,0,
28,22/09/2022 (Thu),2:45 PM,Cloudy,Slightly sunny,2,Donsa and Nia,Yes,,1,9,0,0,0,0,0,
28,22/09/2022 (Thu),2:45 PM,Cloudy,Slightly sunny,2,Donsa and Nia,Yes,,1,10,0,0,0,0,0,
28,22/09/2022 (Thu),2:45 PM,Cloudy,Slightly sunny,2,Donsa and Nia,Yes,,1,11,0,0,0,0,0,
28,22/09/2022 (Thu),2:45 PM,Cloudy,Slightly sunny,2,Donsa and Nia,Yes,,1,12,0,0,0,0,0,
28,22/09/2022 (Thu),2:45 PM,Cloudy,Slightly sunny,2,Donsa and Nia,Yes,,1,13,0,0,0,0,0,
28,22/09/2022 (Thu),2:45 PM,Cloudy,Slightly sunny,2,Donsa and Nia,Yes,,1,14,0,0,0,0,0,
28,22/09/2022 (Thu),2:45 PM,Cloudy,Slightly sunny,2,Donsa and Nia,Yes,,1,15,0,0,0,0,0,
28,22/09/2022 (Thu),2:45 PM,Cloudy,Slightly sunny,2,Donsa and Nia,Yes,,1,16,0,0,0,0,0,
28,22/09/2022 (Thu),2:45 PM,Cloudy,Slightly sunny,2,Donsa and Nia,Yes,,1,17,0,0,0,0,0,
28,22/09/2022 (Thu),2:45 PM,Cloudy,Slightly sunny,2,Donsa and Nia,Yes,,1,18,0,1,0,1,2,
28,22/09/2022 (Thu),2:45 PM,Cloudy,Slightly sunny,2,Donsa and Nia,Yes,,1,19,0,0,0,1,1,
28,22/09/2022 (Thu),2:45 PM,Cloudy,Slightly sunny,2,Donsa and Nia,Yes,,1,20,0,0,0,0,0,
29,22/09/2022 (Thu),5:00 PM,Cloudy,,7,,Yes,,3,1,0,0,0,0,0,
29,22/09/2022 (Thu),5:00 PM,Cloudy,,7,,Yes,,3,2,0,0,0,0,0,
29,22/09/2022 (Thu),5:00 PM,Cloudy,,7,,Yes,,3,3,0,0,0,0,0,
29,22/09/2022 (Thu),5:00 PM,Cloudy,,7,,Yes,,3,4,0,0,0,0,0,
29,22/09/2022 (Thu),5:00 PM,Cloudy,,7,,Yes,,3,5,0,0,0,0,0,
29,22/09/2022 (Thu),5:00 PM,Cloudy,,7,,Yes,,3,6,0,0,0,0,0,
29,22/09/2022 (Thu),5:00 PM,Cloudy,,7,,Yes,,3,7,0,0,0,0,0,
29,22/09/2022 (Thu),5:00 PM,Cloudy,,7,,Yes,,3,8,0,0,0,0,0,
29,22/09/2022 (Thu),5:00 PM,Cloudy,,7,,Yes,,3,9,0,0,0,0,0,
29,22/09/2022 (Thu),5:00 PM,Cloudy,,7,,Yes,,3,10,0,0,0,0,0,
29,22/09/2022 (Thu),5:00 PM,Cloudy,,7,,Yes,,3,11,0,0,0,0,0,
29,22/09/2022 (Thu),5:00 PM,Cloudy,,7,,Yes,,3,12,0,0,0,0,0,
29,22/09/2022 (Thu),5:00 PM,Cloudy,,7,,Yes,,3,13,0,0,0,0,0,
29,22/09/2022 (Thu),5:00 PM,Cloudy,,7,,Yes,,3,14,0,0,0,0,0,
29,22/09/2022 (Thu),5:00 PM,Cloudy,,7,,Yes,,3,15,0,0,0,0,0,
29,22/09/2022 (Thu),5:00 PM,Cloudy,,7,,Yes,,3,16,0,0,0,0,0,
29,22/09/2022 (Thu),5:00 PM,Cloudy,,7,,Yes,,3,17,0,0,0,0,0,
29,22/09/2022 (Thu),5:00 PM,Cloudy,,7,,Yes,,3,18,0,0,0,0,0,
29,22/09/2022 (Thu),5:00 PM,Cloudy,,7,,Yes,,3,19,0,0,0,0,0,
29,22/09/2022 (Thu),5:00 PM,Cloudy,,7,,Yes,,3,20,0,0,0,0,0,
30,23/09/2022 (Fri),2:00 PM,Sunny,Slightly sunny,7,,Yes,,3,1,0,0,0,0,0,
30,23/09/2022 (Fri),2:00 PM,Sunny,Slightly sunny,7,,Yes,,3,2,0,0,0,0,0,
30,23/09/2022 (Fri),2:00 PM,Sunny,Slightly sunny,7,,Yes,,3,3,0,0,0,0,0,
30,23/09/2022 (Fri),2:00 PM,Sunny,Slightly sunny,7,,Yes,,3,4,0,0,0,0,0,
30,23/09/2022 (Fri),2:00 PM,Sunny,Slightly sunny,7,,Yes,,3,5,0,1,0,5,6,
30,23/09/2022 (Fri),2:00 PM,Sunny,Slightly sunny,7,,Yes,,3,6,0,2,0,5,7,
30,23/09/2022 (Fri),2:00 PM,Sunny,Slightly sunny,7,,Yes,,3,7,0,1,0,2,3,
30,23/09/2022 (Fri),2:00 PM,Sunny,Slightly sunny,7,,Yes,,3,8,0,0,0,0,0,
30,23/09/2022 (Fri),2:00 PM,Sunny,Slightly sunny,7,,Yes,,3,9,0,0,0,0,0,
30,23/09/2022 (Fri),2:00 PM,Sunny,Slightly sunny,7,,Yes,,3,10,0,0,0,0,0,
30,23/09/2022 (Fri),2:00 PM,Sunny,Slightly sunny,7,,Yes,,3,11,0,0,0,0,0,
30,23/09/2022 (Fri),2:00 PM,Sunny,Slightly sunny,7,,Yes,,3,12,0,0,0,0,0,
30,23/09/2022 (Fri),2:00 PM,Sunny,Slightly sunny,7,,Yes,,3,13,0,0,0,0,0,
30,23/09/2022 (Fri),2:00 PM,Sunny,Slightly sunny,7,,Yes,,3,14,0,0,0,0,0,
30,23/09/2022 (Fri),2:00 PM,Sunny,Slightly sunny,7,,Yes,,3,15,0,0,0,0,0,
30,23/09/2022 (Fri),2:00 PM,Sunny,Slightly sunny,7,,Yes,,3,16,0,0,0,0,0,
30,23/09/2022 (Fri),2:00 PM,Sunny,Slightly sunny,7,,Yes,,3,17,0,0,0,0,0,
30,23/09/2022 (Fri),2:00 PM,Sunny,Slightly sunny,7,,Yes,,3,18,0,0,0,0,0,
30,23/09/2022 (Fri),2:00 PM,Sunny,Slightly sunny,7,,Yes,,3,19,0,0,0,0,0,
30,23/09/2022 (Fri),2:00 PM,Sunny,Slightly sunny,7,,Yes,,3,20,0,0,0,0,0,
31,23/09/2022 (Fri),5:00 PM,Sunny,,7,,Yes,"A bit of food on ground, a bit of browse hanging",2,1,0,0,0,0,0,
31,23/09/2022 (Fri),5:00 PM,Sunny,,7,,Yes,"A bit of food on ground, a bit of browse hanging",2,2,0,0,0,0,0,
31,23/09/2022 (Fri),5:00 PM,Sunny,,7,,Yes,"A bit of food on ground, a bit of browse hanging",2,3,0,0,0,0,0,
31,23/09/2022 (Fri),5:00 PM,Sunny,,7,,Yes,"A bit of food on ground, a bit of browse hanging",2,4,0,0,0,0,0,
31,23/09/2022 (Fri),5:00 PM,Sunny,,7,,Yes,"A bit of food on ground, a bit of browse hanging",2,5,0,0,0,0,0,
31,23/09/2022 (Fri),5:00 PM,Sunny,,7,,Yes,"A bit of food on ground, a bit of browse hanging",2,6,0,0,0,0,0,
31,23/09/2022 (Fri),5:00 PM,Sunny,,7,,Yes,"A bit of food on ground, a bit of browse hanging",2,7,0,0,0,0,0,
31,23/09/2022 (Fri),5:00 PM,Sunny,,7,,Yes,"A bit of food on ground, a bit of browse hanging",2,8,0,0,0,0,0,
31,23/09/2022 (Fri),5:00 PM,Sunny,,7,,Yes,"A bit of food on ground, a bit of browse hanging",2,9,0,0,0,0,0,
31,23/09/2022 (Fri),5:00 PM,Sunny,,7,,Yes,"A bit of food on ground, a bit of browse hanging",2,10,0,0,0,0,0,
31,23/09/2022 (Fri),5:00 PM,Sunny,,7,,Yes,"A bit of food on ground, a bit of browse hanging",2,11,0,0,0,0,0,
31,23/09/2022 (Fri),5:00 PM,Sunny,,7,,Yes,"A bit of food on ground, a bit of browse hanging",2,12,0,0,0,0,0,
31,23/09/2022 (Fri),5:00 PM,Sunny,,7,,Yes,"A bit of food on ground, a bit of browse hanging",2,13,0,0,0,0,0,
31,23/09/2022 (Fri),5:00 PM,Sunny,,7,,Yes,"A bit of food on ground, a bit of browse hanging",2,14,0,0,0,0,0,
31,23/09/2022 (Fri),5:00 PM,Sunny,,7,,Yes,"A bit of food on ground, a bit of browse hanging",2,15,0,0,0,0,0,
31,23/09/2022 (Fri),5:00 PM,Sunny,,7,,Yes,"A bit of food on ground, a bit of browse hanging",2,16,0,0,0,0,0,
31,23/09/2022 (Fri),5:00 PM,Sunny,,7,,Yes,"A bit of food on ground, a bit of browse hanging",2,17,0,0,0,0,0,
31,23/09/2022 (Fri),5:00 PM,Sunny,,7,,Yes,"A bit of food on ground, a bit of browse hanging",2,18,0,0,0,0,0,
31,23/09/2022 (Fri),5:00 PM,Sunny,,7,,Yes,"A bit of food on ground, a bit of browse hanging",2,19,0,0,0,0,0,
31,23/09/2022 (Fri),5:00 PM,Sunny,,7,,Yes,"A bit of food on ground, a bit of browse hanging",2,20,0,0,0,0,0,
32,26/09/2022 (Mon),2:00 PM,Cloudy,,7,,Yes,,3,1,0,0,0,0,0,
32,26/09/2022 (Mon),2:00 PM,Cloudy,,7,,Yes,,3,2,0,0,0,0,0,
32,26/09/2022 (Mon),2:00 PM,Cloudy,,7,,Yes,,3,3,0,0,0,0,0,
32,26/09/2022 (Mon),2:00 PM,Cloudy,,7,,Yes,,3,4,0,0,0,0,0,
32,26/09/2022 (Mon),2:00 PM,Cloudy,,7,,Yes,,3,5,0,0,0,0,0,
32,26/09/2022 (Mon),2:00 PM,Cloudy,,7,,Yes,,3,6,0,0,0,0,0,
32,26/09/2022 (Mon),2:00 PM,Cloudy,,7,,Yes,,3,7,0,0,0,0,0,
32,26/09/2022 (Mon),2:00 PM,Cloudy,,7,,Yes,,3,8,0,0,0,0,0,
32,26/09/2022 (Mon),2:00 PM,Cloudy,,7,,Yes,,3,9,0,0,0,0,0,
32,26/09/2022 (Mon),2:00 PM,Cloudy,,7,,Yes,,3,10,0,0,0,0,0,
32,26/09/2022 (Mon),2:00 PM,Cloudy,,7,,Yes,,3,11,0,0,0,0,0,
32,26/09/2022 (Mon),2:00 PM,Cloudy,,7,,Yes,,3,12,0,0,0,0,0,
32,26/09/2022 (Mon),2:00 PM,Cloudy,,7,,Yes,,3,13,0,0,0,0,0,
32,26/09/2022 (Mon),2:00 PM,Cloudy,,7,,Yes,,3,14,0,0,0,0,0,
32,26/09/2022 (Mon),2:00 PM,Cloudy,,7,,Yes,,3,15,0,0,0,0,0,
32,26/09/2022 (Mon),2:00 PM,Cloudy,,7,,Yes,,3,16,0,0,0,0,0,
32,26/09/2022 (Mon),2:00 PM,Cloudy,,7,,Yes,,3,17,0,0,0,0,0,
32,26/09/2022 (Mon),2:00 PM,Cloudy,,7,,Yes,,3,18,0,0,0,0,0,
32,26/09/2022 (Mon),2:00 PM,Cloudy,,7,,Yes,,3,19,0,0,0,0,0,
32,26/09/2022 (Mon),2:00 PM,Cloudy,,7,,Yes,,3,20,0,0,0,0,0,
33,26/09/2022 (Mon),5:00 PM,Cloudy,,7,,Yes,A bit of browse on ground,1,1,0,0,0,0,0,
33,26/09/2022 (Mon),5:00 PM,Cloudy,,7,,Yes,A bit of browse on ground,1,2,0,0,0,0,0,
33,26/09/2022 (Mon),5:00 PM,Cloudy,,7,,Yes,A bit of browse on ground,1,3,0,0,0,0,0,
33,26/09/2022 (Mon),5:00 PM,Cloudy,,7,,Yes,A bit of browse on ground,1,4,0,0,0,0,0,
33,26/09/2022 (Mon),5:00 PM,Cloudy,,7,,Yes,A bit of browse on ground,1,5,0,0,0,0,0,
33,26/09/2022 (Mon),5:00 PM,Cloudy,,7,,Yes,A bit of browse on ground,1,6,0,0,0,0,0,
33,26/09/2022 (Mon),5:00 PM,Cloudy,,7,,Yes,A bit of browse on ground,1,7,0,0,0,0,0,
33,26/09/2022 (Mon),5:00 PM,Cloudy,,7,,Yes,A bit of browse on ground,1,8,0,0,0,0,0,
33,26/09/2022 (Mon),5:00 PM,Cloudy,,7,,Yes,A bit of browse on ground,1,9,0,0,0,0,0,
33,26/09/2022 (Mon),5:00 PM,Cloudy,,7,,Yes,A bit of browse on ground,1,10,0,0,0,0,0,
33,26/09/2022 (Mon),5:00 PM,Cloudy,,7,,Yes,A bit of browse on ground,1,11,0,0,0,0,0,
33,26/09/2022 (Mon),5:00 PM,Cloudy,,7,,Yes,A bit of browse on ground,1,12,0,0,0,0,0,
33,26/09/2022 (Mon),5:00 PM,Cloudy,,7,,Yes,A bit of browse on ground,1,13,0,0,0,0,0,
33,26/09/2022 (Mon),5:00 PM,Cloudy,,7,,Yes,A bit of browse on ground,1,14,0,0,0,0,0,
33,26/09/2022 (Mon),5:00 PM,Cloudy,,7,,Yes,A bit of browse on ground,1,15,0,0,0,0,0,
33,26/09/2022 (Mon),5:00 PM,Cloudy,,7,,Yes,A bit of browse on ground,1,16,0,0,0,0,0,
33,26/09/2022 (Mon),5:00 PM,Cloudy,,7,,Yes,A bit of browse on ground,1,17,0,0,0,0,0,
33,26/09/2022 (Mon),5:00 PM,Cloudy,,7,,Yes,A bit of browse on ground,1,18,0,0,0,0,0,
33,26/09/2022 (Mon),5:00 PM,Cloudy,,7,,Yes,A bit of browse on ground,1,19,0,0,0,0,0,
33,26/09/2022 (Mon),5:00 PM,Cloudy,,7,,Yes,A bit of browse on ground,1,20,0,0,0,0,0,
34,30/09/2022 (Fri),2:00 PM,Sunny,,6,,Yes,,3,1,0,0,0,0,0,
34,30/09/2022 (Fri),2:00 PM,Sunny,,6,,Yes,,3,2,0,0,0,0,0,
34,30/09/2022 (Fri),2:00 PM,Sunny,,6,,Yes,,3,3,0,0,0,0,0,
34,30/09/2022 (Fri),2:00 PM,Sunny,,6,,Yes,,3,4,0,0,0,0,0,
34,30/09/2022 (Fri),2:00 PM,Sunny,,6,,Yes,,3,5,0,0,0,0,0,
34,30/09/2022 (Fri),2:00 PM,Sunny,,6,,Yes,,3,6,0,0,0,0,0,
34,30/09/2022 (Fri),2:00 PM,Sunny,,6,,Yes,,3,7,0,0,0,0,0,
34,30/09/2022 (Fri),2:00 PM,Sunny,,6,,Yes,,3,8,0,0,0,0,0,
34,30/09/2022 (Fri),2:00 PM,Sunny,,6,,Yes,,3,9,0,0,0,0,0,
34,30/09/2022 (Fri),2:00 PM,Sunny,,6,,Yes,,3,10,0,0,0,0,0,
34,30/09/2022 (Fri),2:00 PM,Sunny,,6,,Yes,,3,11,0,0,0,0,0,
34,30/09/2022 (Fri),2:00 PM,Sunny,,6,,Yes,,3,12,0,0,0,0,0,
34,30/09/2022 (Fri),2:00 PM,Sunny,,6,,Yes,,3,13,0,0,0,0,0,
34,30/09/2022 (Fri),2:00 PM,Sunny,,6,,Yes,,3,14,0,0,0,0,0,
34,30/09/2022 (Fri),2:00 PM,Sunny,,6,,Yes,,3,15,0,0,0,0,0,
34,30/09/2022 (Fri),2:00 PM,Sunny,,6,,Yes,,3,16,0,0,0,0,0,
34,30/09/2022 (Fri),2:00 PM,Sunny,,6,,Yes,,3,17,0,0,0,0,0,
34,30/09/2022 (Fri),2:00 PM,Sunny,,6,,Yes,,3,18,0,0,0,0,0,
34,30/09/2022 (Fri),2:00 PM,Sunny,,6,,Yes,,3,19,0,0,0,0,0,
34,30/09/2022 (Fri),2:00 PM,Sunny,,6,,Yes,,3,20,0,0,0,0,0,
35,30/09/2022 (Fri),5:00 PM,Cloudy,,6,,Yes,"Few strands on ground, browse hanging and a bit of browse on ground",1,1,0,0,0,0,0,
35,30/09/2022 (Fri),5:00 PM,Cloudy,,6,,Yes,"Few strands on ground, browse hanging and a bit of browse on ground",1,2,0,0,0,0,0,
35,30/09/2022 (Fri),5:00 PM,Cloudy,,6,,Yes,"Few strands on ground, browse hanging and a bit of browse on ground",1,3,0,0,0,0,0,
35,30/09/2022 (Fri),5:00 PM,Cloudy,,6,,Yes,"Few strands on ground, browse hanging and a bit of browse on ground",1,4,0,0,0,0,0,
35,30/09/2022 (Fri),5:00 PM,Cloudy,,6,,Yes,"Few strands on ground, browse hanging and a bit of browse on ground",1,5,0,0,0,0,0,
35,30/09/2022 (Fri),5:00 PM,Cloudy,,6,,Yes,"Few strands on ground, browse hanging and a bit of browse on ground",1,6,0,0,0,0,0,
35,30/09/2022 (Fri),5:00 PM,Cloudy,,6,,Yes,"Few strands on ground, browse hanging and a bit of browse on ground",1,7,0,0,0,0,0,
35,30/09/2022 (Fri),5:00 PM,Cloudy,,6,,Yes,"Few strands on ground, browse hanging and a bit of browse on ground",1,8,0,0,0,0,0,
35,30/09/2022 (Fri),5:00 PM,Cloudy,,6,,Yes,"Few strands on ground, browse hanging and a bit of browse on ground",1,9,0,0,0,0,0,
35,30/09/2022 (Fri),5:00 PM,Cloudy,,6,,Yes,"Few strands on ground, browse hanging and a bit of browse on ground",1,10,0,0,0,0,0,
35,30/09/2022 (Fri),5:00 PM,Cloudy,,6,,Yes,"Few strands on ground, browse hanging and a bit of browse on ground",1,11,0,0,0,0,0,
35,30/09/2022 (Fri),5:00 PM,Cloudy,,6,,Yes,"Few strands on ground, browse hanging and a bit of browse on ground",1,12,0,0,0,0,0,
35,30/09/2022 (Fri),5:00 PM,Cloudy,,6,,Yes,"Few strands on ground, browse hanging and a bit of browse on ground",1,13,0,0,0,0,0,
35,30/09/2022 (Fri),5:00 PM,Cloudy,,6,,Yes,"Few strands on ground, browse hanging and a bit of browse on ground",1,14,0,0,0,0,0,
35,30/09/2022 (Fri),5:00 PM,Cloudy,,6,,Yes,"Few strands on ground, browse hanging and a bit of browse on ground",1,15,0,0,0,0,0,
35,30/09/2022 (Fri),5:00 PM,Cloudy,,6,,Yes,"Few strands on ground, browse hanging and a bit of browse on ground",1,16,0,0,0,0,0,
35,30/09/2022 (Fri),5:00 PM,Cloudy,,6,,Yes,"Few strands on ground, browse hanging and a bit of browse on ground",1,17,0,0,0,0,0,
35,30/09/2022 (Fri),5:00 PM,Cloudy,,6,,Yes,"Few strands on ground, browse hanging and a bit of browse on ground",1,18,0,0,0,0,0,
35,30/09/2022 (Fri),5:00 PM,Cloudy,,6,,Yes,"Few strands on ground, browse hanging and a bit of browse on ground",1,19,0,0,0,0,0,
35,30/09/2022 (Fri),5:00 PM,Cloudy,,6,,Yes,"Few strands on ground, browse hanging and a bit of browse on ground",1,20,0,0,0,0,0,
36,03/10/2022 (Mon),5:00 PM,Rainy,Not very heavy rain,7,,Yes,"No food on ground, very very bare browse hanging",1,1,0,0,0,0,0,
36,03/10/2022 (Mon),5:00 PM,Rainy,Not very heavy rain,7,,Yes,"No food on ground, very very bare browse hanging",1,2,0,0,0,0,0,
36,03/10/2022 (Mon),5:00 PM,Rainy,Not very heavy rain,7,,Yes,"No food on ground, very very bare browse hanging",1,3,0,0,0,0,0,
36,03/10/2022 (Mon),5:00 PM,Rainy,Not very heavy rain,7,,Yes,"No food on ground, very very bare browse hanging",1,4,0,0,0,0,0,
36,03/10/2022 (Mon),5:00 PM,Rainy,Not very heavy rain,7,,Yes,"No food on ground, very very bare browse hanging",1,5,0,0,0,0,0,
36,03/10/2022 (Mon),5:00 PM,Rainy,Not very heavy rain,7,,Yes,"No food on ground, very very bare browse hanging",1,6,0,0,0,0,0,
36,03/10/2022 (Mon),5:00 PM,Rainy,Not very heavy rain,7,,Yes,"No food on ground, very very bare browse hanging",1,7,0,0,0,0,0,
36,03/10/2022 (Mon),5:00 PM,Rainy,Not very heavy rain,7,,Yes,"No food on ground, very very bare browse hanging",1,8,0,0,0,0,0,
36,03/10/2022 (Mon),5:00 PM,Rainy,Not very heavy rain,7,,Yes,"No food on ground, very very bare browse hanging",1,9,0,0,0,0,0,
36,03/10/2022 (Mon),5:00 PM,Rainy,Not very heavy rain,7,,Yes,"No food on ground, very very bare browse hanging",1,10,0,0,0,0,0,
36,03/10/2022 (Mon),5:00 PM,Rainy,Not very heavy rain,7,,Yes,"No food on ground, very very bare browse hanging",1,11,0,0,0,0,0,
36,03/10/2022 (Mon),5:00 PM,Rainy,Not very heavy rain,7,,Yes,"No food on ground, very very bare browse hanging",1,12,0,0,0,0,0,
36,03/10/2022 (Mon),5:00 PM,Rainy,Not very heavy rain,7,,Yes,"No food on ground, very very bare browse hanging",1,13,0,0,0,0,0,
36,03/10/2022 (Mon),5:00 PM,Rainy,Not very heavy rain,7,,Yes,"No food on ground, very very bare browse hanging",1,14,0,0,0,0,0,
36,03/10/2022 (Mon),5:00 PM,Rainy,Not very heavy rain,7,,Yes,"No food on ground, very very bare browse hanging",1,15,0,0,0,0,0,
36,03/10/2022 (Mon),5:00 PM,Rainy,Not very heavy rain,7,,Yes,"No food on ground, very very bare browse hanging",1,16,0,0,0,0,0,
36,03/10/2022 (Mon),5:00 PM,Rainy,Not very heavy rain,7,,Yes,"No food on ground, very very bare browse hanging",1,17,0,0,0,0,0,
36,03/10/2022 (Mon),5:00 PM,Rainy,Not very heavy rain,7,,Yes,"No food on ground, very very bare browse hanging",1,18,0,0,0,0,0,
36,03/10/2022 (Mon),5:00 PM,Rainy,Not very heavy rain,7,,Yes,"No food on ground, very very bare browse hanging",1,19,0,0,0,0,0,
36,03/10/2022 (Mon),5:00 PM,Rainy,Not very heavy rain,7,,Yes,"No food on ground, very very bare browse hanging",1,20,0,0,0,0,0,
37,04/10/2022 (Tue),2:00 PM,Cloudy,,7,,Yes,,3,1,0,6,0,0,6,
37,04/10/2022 (Tue),2:00 PM,Cloudy,,7,,Yes,,3,2,0,1,0,0,1,
37,04/10/2022 (Tue),2:00 PM,Cloudy,,7,,Yes,,3,3,0,0,0,2,2,
37,04/10/2022 (Tue),2:00 PM,Cloudy,,7,,Yes,,3,4,0,0,0,0,0,
37,04/10/2022 (Tue),2:00 PM,Cloudy,,7,,Yes,,3,5,0,0,0,0,0,
37,04/10/2022 (Tue),2:00 PM,Cloudy,,7,,Yes,,3,6,0,0,0,0,0,
37,04/10/2022 (Tue),2:00 PM,Cloudy,,7,,Yes,,3,7,0,0,0,0,0,
37,04/10/2022 (Tue),2:00 PM,Cloudy,,7,,Yes,,3,8,0,0,0,0,0,
37,04/10/2022 (Tue),2:00 PM,Cloudy,,7,,Yes,,3,9,0,0,0,0,0,
37,04/10/2022 (Tue),2:00 PM,Cloudy,,7,,Yes,,3,10,0,0,0,0,0,
37,04/10/2022 (Tue),2:00 PM,Cloudy,,7,,Yes,,3,11,0,0,0,0,0,
37,04/10/2022 (Tue),2:00 PM,Cloudy,,7,,Yes,,3,12,0,0,0,0,0,
37,04/10/2022 (Tue),2:00 PM,Cloudy,,7,,Yes,,3,13,0,0,0,1,1,
37,04/10/2022 (Tue),2:00 PM,Cloudy,,7,,Yes,,3,14,0,0,0,0,0,
37,04/10/2022 (Tue),2:00 PM,Cloudy,,7,,Yes,,3,15,1,0,0,2,3,
37,04/10/2022 (Tue),2:00 PM,Cloudy,,7,,Yes,,3,16,0,2,0,2,4,
37,04/10/2022 (Tue),2:00 PM,Cloudy,,7,,Yes,,3,17,2,0,0,0,2,
37,04/10/2022 (Tue),2:00 PM,Cloudy,,7,,Yes,,3,18,0,2,0,4,6,
37,04/10/2022 (Tue),2:00 PM,Cloudy,,7,,Yes,,3,19,1,2,0,4,7,
37,04/10/2022 (Tue),2:00 PM,Cloudy,,7,,Yes,,3,20,1,0,0,6,7,
38,04/10/2022 (Tue),5:00 PM,Cloudy,,7,,Yes,"Few strands on ground, very very bare browse hanging",1,1,0,0,0,0,0,
38,04/10/2022 (Tue),5:00 PM,Cloudy,,7,,Yes,"Few strands on ground, very very bare browse hanging",1,2,0,0,0,0,0,
38,04/10/2022 (Tue),5:00 PM,Cloudy,,7,,Yes,"Few strands on ground, very very bare browse hanging",1,3,0,0,0,0,0,
38,04/10/2022 (Tue),5:00 PM,Cloudy,,7,,Yes,"Few strands on ground, very very bare browse hanging",1,4,0,0,0,0,0,
38,04/10/2022 (Tue),5:00 PM,Cloudy,,7,,Yes,"Few strands on ground, very very bare browse hanging",1,5,0,0,0,0,0,
38,04/10/2022 (Tue),5:00 PM,Cloudy,,7,,Yes,"Few strands on ground, very very bare browse hanging",1,6,0,0,0,0,0,
38,04/10/2022 (Tue),5:00 PM,Cloudy,,7,,Yes,"Few strands on ground, very very bare browse hanging",1,7,0,0,0,0,0,
38,04/10/2022 (Tue),5:00 PM,Cloudy,,7,,Yes,"Few strands on ground, very very bare browse hanging",1,8,0,0,0,0,0,
38,04/10/2022 (Tue),5:00 PM,Cloudy,,7,,Yes,"Few strands on ground, very very bare browse hanging",1,9,0,0,0,0,0,
38,04/10/2022 (Tue),5:00 PM,Cloudy,,7,,Yes,"Few strands on ground, very very bare browse hanging",1,10,0,0,0,0,0,
38,04/10/2022 (Tue),5:00 PM,Cloudy,,7,,Yes,"Few strands on ground, very very bare browse hanging",1,11,0,0,0,0,0,
38,04/10/2022 (Tue),5:00 PM,Cloudy,,7,,Yes,"Few strands on ground, very very bare browse hanging",1,12,0,0,0,0,0,
38,04/10/2022 (Tue),5:00 PM,Cloudy,,7,,Yes,"Few strands on ground, very very bare browse hanging",1,13,0,0,0,0,0,
38,04/10/2022 (Tue),5:00 PM,Cloudy,,7,,Yes,"Few strands on ground, very very bare browse hanging",1,14,0,0,0,0,0,
38,04/10/2022 (Tue),5:00 PM,Cloudy,,7,,Yes,"Few strands on ground, very very bare browse hanging",1,15,0,0,0,0,0,
38,04/10/2022 (Tue),5:00 PM,Cloudy,,7,,Yes,"Few strands on ground, very very bare browse hanging",1,16,0,0,0,0,0,
38,04/10/2022 (Tue),5:00 PM,Cloudy,,7,,Yes,"Few strands on ground, very very bare browse hanging",1,17,0,0,0,0,0,
38,04/10/2022 (Tue),5:00 PM,Cloudy,,7,,Yes,"Few strands on ground, very very bare browse hanging",1,18,0,0,0,0,0,
38,04/10/2022 (Tue),5:00 PM,Cloudy,,7,,Yes,"Few strands on ground, very very bare browse hanging",1,19,0,0,0,0,0,
38,04/10/2022 (Tue),5:00 PM,Cloudy,,7,,Yes,"Few strands on ground, very very bare browse hanging",1,20,0,0,0,0,0,
39,05/10/2022 (Wed),2:00 PM,Cloudy,,7,,Yes,,3,1,1,4,0,18,23,
39,05/10/2022 (Wed),2:00 PM,Cloudy,,7,,Yes,,3,2,0,2,0,10,12,
39,05/10/2022 (Wed),2:00 PM,Cloudy,,7,,Yes,,3,3,1,7,0,15,23,
39,05/10/2022 (Wed),2:00 PM,Cloudy,,7,,Yes,,3,4,0,8,0,5,13,
39,05/10/2022 (Wed),2:00 PM,Cloudy,,7,,Yes,,3,5,2,7,0,13,22,
39,05/10/2022 (Wed),2:00 PM,Cloudy,,7,,Yes,,3,6,2,5,0,13,20,
39,05/10/2022 (Wed),2:00 PM,Cloudy,,7,,Yes,,3,7,0,2,0,16,18,
39,05/10/2022 (Wed),2:00 PM,Cloudy,,7,,Yes,,3,8,0,0,0,9,9,
39,05/10/2022 (Wed),2:00 PM,Cloudy,,7,,Yes,,3,9,2,2,0,11,15,
39,05/10/2022 (Wed),2:00 PM,Cloudy,,7,,Yes,,3,10,0,1,0,12,13,
39,05/10/2022 (Wed),2:00 PM,Cloudy,,7,,Yes,,3,11,0,1,1,14,16,
39,05/10/2022 (Wed),2:00 PM,Cloudy,,7,,Yes,,3,12,1,3,0,10,14,
39,05/10/2022 (Wed),2:00 PM,Cloudy,,7,,Yes,,3,13,0,4,0,16,20,
39,05/10/2022 (Wed),2:00 PM,Cloudy,,7,,Yes,,3,14,1,1,0,14,16,
39,05/10/2022 (Wed),2:00 PM,Cloudy,,7,,Yes,,3,15,1,1,0,14,16,
39,05/10/2022 (Wed),2:00 PM,Cloudy,,7,,Yes,,3,16,0,1,0,10,11,
39,05/10/2022 (Wed),2:00 PM,Cloudy,,7,,Yes,,3,17,1,1,0,20,22,
39,05/10/2022 (Wed),2:00 PM,Cloudy,,7,,Yes,,3,18,1,1,1,10,13,
39,05/10/2022 (Wed),2:00 PM,Cloudy,,7,,Yes,,3,19,0,0,0,8,8,
39,05/10/2022 (Wed),2:00 PM,Cloudy,,7,,Yes,,3,20,0,1,0,11,12,
40,05/10/2022 (Wed),5:00 PM,Cloudy,,7,,Yes,"Very very few strands on ground, very very bare browse hanging",1,1,0,0,0,0,0,
40,05/10/2022 (Wed),5:00 PM,Cloudy,,7,,Yes,"Very very few strands on ground, very very bare browse hanging",1,2,0,0,0,1,1,
40,05/10/2022 (Wed),5:00 PM,Cloudy,,7,,Yes,"Very very few strands on ground, very very bare browse hanging",1,3,1,0,0,0,1,
40,05/10/2022 (Wed),5:00 PM,Cloudy,,7,,Yes,"Very very few strands on ground, very very bare browse hanging",1,4,1,0,0,0,1,
40,05/10/2022 (Wed),5:00 PM,Cloudy,,7,,Yes,"Very very few strands on ground, very very bare browse hanging",1,5,0,1,0,0,1,
40,05/10/2022 (Wed),5:00 PM,Cloudy,,7,,Yes,"Very very few strands on ground, very very bare browse hanging",1,6,1,0,0,0,1,
40,05/10/2022 (Wed),5:00 PM,Cloudy,,7,,Yes,"Very very few strands on ground, very very bare browse hanging",1,7,0,0,0,0,0,
40,05/10/2022 (Wed),5:00 PM,Cloudy,,7,,Yes,"Very very few strands on ground, very very bare browse hanging",1,8,1,0,0,0,1,
40,05/10/2022 (Wed),5:00 PM,Cloudy,,7,,Yes,"Very very few strands on ground, very very bare browse hanging",1,9,0,0,0,0,0,
40,05/10/2022 (Wed),5:00 PM,Cloudy,,7,,Yes,"Very very few strands on ground, very very bare browse hanging",1,10,0,0,0,0,0,
40,05/10/2022 (Wed),5:00 PM,Cloudy,,7,,Yes,"Very very few strands on ground, very very bare browse hanging",1,11,0,1,0,0,1,
40,05/10/2022 (Wed),5:00 PM,Cloudy,,7,,Yes,"Very very few strands on ground, very very bare browse hanging",1,12,0,0,0,1,1,
40,05/10/2022 (Wed),5:00 PM,Cloudy,,7,,Yes,"Very very few strands on ground, very very bare browse hanging",1,13,0,0,0,0,0,
40,05/10/2022 (Wed),5:00 PM,Cloudy,,7,,Yes,"Very very few strands on ground, very very bare browse hanging",1,14,0,0,1,0,1,
40,05/10/2022 (Wed),5:00 PM,Cloudy,,7,,Yes,"Very very few strands on ground, very very bare browse hanging",1,15,1,0,0,0,1,
40,05/10/2022 (Wed),5:00 PM,Cloudy,,7,,Yes,"Very very few strands on ground, very very bare browse hanging",1,16,0,0,0,0,0,
40,05/10/2022 (Wed),5:00 PM,Cloudy,,7,,Yes,"Very very few strands on ground, very very bare browse hanging",1,17,0,2,0,0,2,
40,05/10/2022 (Wed),5:00 PM,Cloudy,,7,,Yes,"Very very few strands on ground, very very bare browse hanging",1,18,0,0,0,1,1,
40,05/10/2022 (Wed),5:00 PM,Cloudy,,7,,Yes,"Very very few strands on ground, very very bare browse hanging",1,19,0,1,0,0,1,
40,05/10/2022 (Wed),5:00 PM,Cloudy,,7,,Yes,"Very very few strands on ground, very very bare browse hanging",1,20,0,1,1,0,2,
41,06/10/2022 (Thu),2:00 PM,Rainy,Light rain,7,,Yes,,3,1,0,0,0,0,0,
41,06/10/2022 (Thu),2:00 PM,Rainy,Light rain,7,,Yes,,3,2,0,0,0,0,0,
41,06/10/2022 (Thu),2:00 PM,Rainy,Light rain,7,,Yes,,3,3,0,0,0,0,0,
41,06/10/2022 (Thu),2:00 PM,Rainy,Light rain,7,,Yes,,3,4,0,0,0,0,0,
41,06/10/2022 (Thu),2:00 PM,Rainy,Light rain,7,,Yes,,3,5,0,0,0,0,0,
41,06/10/2022 (Thu),2:00 PM,Rainy,Light rain,7,,Yes,,3,6,0,0,0,0,0,
41,06/10/2022 (Thu),2:00 PM,Rainy,Light rain,7,,Yes,,3,7,0,0,0,0,0,
41,06/10/2022 (Thu),2:00 PM,Rainy,Light rain,7,,Yes,,3,8,0,0,0,0,0,
41,06/10/2022 (Thu),2:00 PM,Rainy,Light rain,7,,Yes,,3,9,0,0,0,0,0,
41,06/10/2022 (Thu),2:00 PM,Rainy,Light rain,7,,Yes,,3,10,0,0,0,0,0,
41,06/10/2022 (Thu),2:00 PM,Rainy,Light rain,7,,Yes,,3,11,0,0,0,0,0,
41,06/10/2022 (Thu),2:00 PM,Rainy,Light rain,7,,Yes,,3,12,0,0,0,0,0,
41,06/10/2022 (Thu),2:00 PM,Rainy,Light rain,7,,Yes,,3,13,0,0,0,0,0,
41,06/10/2022 (Thu),2:00 PM,Rainy,Light rain,7,,Yes,,3,14,0,0,0,0,0,
41,06/10/2022 (Thu),2:00 PM,Rainy,Light rain,7,,Yes,,3,15,0,0,0,0,0,
41,06/10/2022 (Thu),2:00 PM,Rainy,Light rain,7,,Yes,,3,16,0,0,0,0,0,
41,06/10/2022 (Thu),2:00 PM,Rainy,Light rain,7,,Yes,,3,17,0,0,0,0,0,
41,06/10/2022 (Thu),2:00 PM,Rainy,Light rain,7,,Yes,,3,18,0,0,0,0,0,
41,06/10/2022 (Thu),2:00 PM,Rainy,Light rain,7,,Yes,,3,19,0,0,0,0,0,
41,06/10/2022 (Thu),2:00 PM,Rainy,Light rain,7,,Yes,,3,20,0,0,0,0,0,
42,06/10/2022 (Thu),5:00 PM,Rainy,Very light rain,7,,Yes,Very few strands on ground,1,1,0,0,0,0,0,
42,06/10/2022 (Thu),5:00 PM,Rainy,Very light rain,7,,Yes,Very few strands on ground,1,2,0,0,0,0,0,
42,06/10/2022 (Thu),5:00 PM,Rainy,Very light rain,7,,Yes,Very few strands on ground,1,3,0,0,0,0,0,
42,06/10/2022 (Thu),5:00 PM,Rainy,Very light rain,7,,Yes,Very few strands on ground,1,4,0,0,0,0,0,
42,06/10/2022 (Thu),5:00 PM,Rainy,Very light rain,7,,Yes,Very few strands on ground,1,5,0,0,0,0,0,
42,06/10/2022 (Thu),5:00 PM,Rainy,Very light rain,7,,Yes,Very few strands on ground,1,6,0,0,0,0,0,
42,06/10/2022 (Thu),5:00 PM,Rainy,Very light rain,7,,Yes,Very few strands on ground,1,7,0,0,0,0,0,
42,06/10/2022 (Thu),5:00 PM,Rainy,Very light rain,7,,Yes,Very few strands on ground,1,8,0,0,0,0,0,
42,06/10/2022 (Thu),5:00 PM,Rainy,Very light rain,7,,Yes,Very few strands on ground,1,9,0,0,0,0,0,
42,06/10/2022 (Thu),5:00 PM,Rainy,Very light rain,7,,Yes,Very few strands on ground,1,10,0,0,0,0,0,
42,06/10/2022 (Thu),5:00 PM,Rainy,Very light rain,7,,Yes,Very few strands on ground,1,11,0,0,0,0,0,
42,06/10/2022 (Thu),5:00 PM,Rainy,Very light rain,7,,Yes,Very few strands on ground,1,12,0,0,0,0,0,
42,06/10/2022 (Thu),5:00 PM,Rainy,Very light rain,7,,Yes,Very few strands on ground,1,13,0,0,0,0,0,
42,06/10/2022 (Thu),5:00 PM,Rainy,Very light rain,7,,Yes,Very few strands on ground,1,14,0,0,0,0,0,
42,06/10/2022 (Thu),5:00 PM,Rainy,Very light rain,7,,Yes,Very few strands on ground,1,15,0,0,0,0,0,
42,06/10/2022 (Thu),5:00 PM,Rainy,Very light rain,7,,Yes,Very few strands on ground,1,16,0,0,0,0,0,
42,06/10/2022 (Thu),5:00 PM,Rainy,Very light rain,7,,Yes,Very few strands on ground,1,17,0,0,0,0,0,
42,06/10/2022 (Thu),5:00 PM,Rainy,Very light rain,7,,Yes,Very few strands on ground,1,18,0,0,0,0,0,
42,06/10/2022 (Thu),5:00 PM,Rainy,Very light rain,7,,Yes,Very few strands on ground,1,19,0,0,0,0,0,
42,06/10/2022 (Thu),5:00 PM,Rainy,Very light rain,7,,Yes,Very few strands on ground,1,20,0,0,0,0,0,
43,10/10/2022 (Mon),2:00 PM,Cloudy,,5,,Yes,,3,1,0,0,0,0,0,
43,10/10/2022 (Mon),2:00 PM,Cloudy,,5,,Yes,,3,2,0,0,0,0,0,
43,10/10/2022 (Mon),2:00 PM,Cloudy,,5,,Yes,,3,3,0,0,0,0,0,
43,10/10/2022 (Mon),2:00 PM,Cloudy,,5,,Yes,,3,4,0,0,0,0,0,
43,10/10/2022 (Mon),2:00 PM,Cloudy,,5,,Yes,,3,5,0,0,0,0,0,
43,10/10/2022 (Mon),2:00 PM,Cloudy,,5,,Yes,,3,6,0,0,0,0,0,
43,10/10/2022 (Mon),2:00 PM,Cloudy,,5,,Yes,,3,7,0,0,0,0,0,
43,10/10/2022 (Mon),2:00 PM,Cloudy,,5,,Yes,,3,8,0,0,0,0,0,
43,10/10/2022 (Mon),2:00 PM,Cloudy,,5,,Yes,,3,9,0,0,0,0,0,
43,10/10/2022 (Mon),2:00 PM,Cloudy,,5,,Yes,,3,10,0,0,0,0,0,
43,10/10/2022 (Mon),2:00 PM,Cloudy,,5,,Yes,,3,11,0,0,0,0,0,
43,10/10/2022 (Mon),2:00 PM,Cloudy,,5,,Yes,,3,12,0,0,0,0,0,
43,10/10/2022 (Mon),2:00 PM,Cloudy,,5,,Yes,,3,13,0,0,0,0,0,
43,10/10/2022 (Mon),2:00 PM,Cloudy,,5,,Yes,,3,14,0,0,0,0,0,
43,10/10/2022 (Mon),2:00 PM,Cloudy,,5,,Yes,,3,15,0,0,0,0,0,
43,10/10/2022 (Mon),2:00 PM,Cloudy,,5,,Yes,,3,16,0,0,0,0,0,
43,10/10/2022 (Mon),2:00 PM,Cloudy,,5,,Yes,,3,17,0,0,0,0,0,
43,10/10/2022 (Mon),2:00 PM,Cloudy,,5,,Yes,,3,18,0,0,0,0,0,
43,10/10/2022 (Mon),2:00 PM,Cloudy,,5,,Yes,,3,19,0,0,0,0,0,
43,10/10/2022 (Mon),2:00 PM,Cloudy,,5,,Yes,,3,20,0,0,0,0,0,
44,10/10/2022 (Mon),5:00 PM,Cloudy,,5,,Yes,Few strands on ground,1,1,0,0,0,0,0,
44,10/10/2022 (Mon),5:00 PM,Cloudy,,5,,Yes,Few strands on ground,1,2,0,0,0,0,0,
44,10/10/2022 (Mon),5:00 PM,Cloudy,,5,,Yes,Few strands on ground,1,3,0,0,0,0,0,
44,10/10/2022 (Mon),5:00 PM,Cloudy,,5,,Yes,Few strands on ground,1,4,0,0,0,0,0,
44,10/10/2022 (Mon),5:00 PM,Cloudy,,5,,Yes,Few strands on ground,1,5,0,0,0,0,0,
44,10/10/2022 (Mon),5:00 PM,Cloudy,,5,,Yes,Few strands on ground,1,6,0,0,0,0,0,
44,10/10/2022 (Mon),5:00 PM,Cloudy,,5,,Yes,Few strands on ground,1,7,0,0,0,0,0,
44,10/10/2022 (Mon),5:00 PM,Cloudy,,5,,Yes,Few strands on ground,1,8,0,0,0,0,0,
44,10/10/2022 (Mon),5:00 PM,Cloudy,,5,,Yes,Few strands on ground,1,9,0,0,0,0,0,
44,10/10/2022 (Mon),5:00 PM,Cloudy,,5,,Yes,Few strands on ground,1,10,0,0,0,0,0,
44,10/10/2022 (Mon),5:00 PM,Cloudy,,5,,Yes,Few strands on ground,1,11,0,0,0,0,0,
44,10/10/2022 (Mon),5:00 PM,Cloudy,,5,,Yes,Few strands on ground,1,12,0,0,0,0,0,
44,10/10/2022 (Mon),5:00 PM,Cloudy,,5,,Yes,Few strands on ground,1,13,0,0,0,0,0,
44,10/10/2022 (Mon),5:00 PM,Cloudy,,5,,Yes,Few strands on ground,1,14,0,0,0,0,0,
44,10/10/2022 (Mon),5:00 PM,Cloudy,,5,,Yes,Few strands on ground,1,15,0,0,0,0,0,
44,10/10/2022 (Mon),5:00 PM,Cloudy,,5,,Yes,Few strands on ground,1,16,0,0,0,0,0,
44,10/10/2022 (Mon),5:00 PM,Cloudy,,5,,Yes,Few strands on ground,1,17,0,0,0,0,0,
44,10/10/2022 (Mon),5:00 PM,Cloudy,,5,,Yes,Few strands on ground,1,18,0,0,0,0,0,
44,10/10/2022 (Mon),5:00 PM,Cloudy,,5,,Yes,Few strands on ground,1,19,0,0,0,0,0,
44,10/10/2022 (Mon),5:00 PM,Cloudy,,5,,Yes,Few strands on ground,1,20,0,0,0,0,0,
45,11/10/2022 (Tue),2:00 PM,Sunny,,5,,Yes,,3,1,0,0,0,0,0,
45,11/10/2022 (Tue),2:00 PM,Sunny,,5,,Yes,,3,2,0,0,0,0,0,
45,11/10/2022 (Tue),2:00 PM,Sunny,,5,,Yes,,3,3,0,0,0,0,0,
45,11/10/2022 (Tue),2:00 PM,Sunny,,5,,Yes,,3,4,0,1,0,0,1,
45,11/10/2022 (Tue),2:00 PM,Sunny,,5,,Yes,,3,5,0,0,0,0,0,
45,11/10/2022 (Tue),2:00 PM,Sunny,,5,,Yes,,3,6,0,0,0,0,0,
45,11/10/2022 (Tue),2:00 PM,Sunny,,5,,Yes,,3,7,0,0,0,0,0,
45,11/10/2022 (Tue),2:00 PM,Sunny,,5,,Yes,,3,8,0,0,0,0,0,
45,11/10/2022 (Tue),2:00 PM,Sunny,,5,,Yes,,3,9,0,0,0,0,0,
45,11/10/2022 (Tue),2:00 PM,Sunny,,5,,Yes,,3,10,0,0,0,0,0,
45,11/10/2022 (Tue),2:00 PM,Sunny,,5,,Yes,,3,11,0,0,0,0,0,
45,11/10/2022 (Tue),2:00 PM,Sunny,,5,,Yes,,3,12,0,0,0,0,0,
45,11/10/2022 (Tue),2:00 PM,Sunny,,5,,Yes,,3,13,0,0,0,0,0,
45,11/10/2022 (Tue),2:00 PM,Sunny,,5,,Yes,,3,14,0,0,0,0,0,
45,11/10/2022 (Tue),2:00 PM,Sunny,,5,,Yes,,3,15,0,2,0,1,3,
45,11/10/2022 (Tue),2:00 PM,Sunny,,5,,Yes,,3,16,0,1,0,3,4,
45,11/10/2022 (Tue),2:00 PM,Sunny,,5,,Yes,,3,17,0,0,0,4,4,
45,11/10/2022 (Tue),2:00 PM,Sunny,,5,,Yes,,3,18,1,0,0,4,5,
45,11/10/2022 (Tue),2:00 PM,Sunny,,5,,Yes,,3,19,1,0,0,4,5,
45,11/10/2022 (Tue),2:00 PM,Sunny,,5,,Yes,,3,20,0,3,0,3,6,
46,11/10/2022 (Tue),5:00 PM,Sunny,,5,,Yes,Very few strands on ground,1,1,0,0,0,0,0,
46,11/10/2022 (Tue),5:00 PM,Sunny,,5,,Yes,Very few strands on ground,1,2,0,0,0,0,0,
46,11/10/2022 (Tue),5:00 PM,Sunny,,5,,Yes,Very few strands on ground,1,3,0,0,0,0,0,
46,11/10/2022 (Tue),5:00 PM,Sunny,,5,,Yes,Very few strands on ground,1,4,0,0,0,0,0,
46,11/10/2022 (Tue),5:00 PM,Sunny,,5,,Yes,Very few strands on ground,1,5,0,0,0,0,0,
46,11/10/2022 (Tue),5:00 PM,Sunny,,5,,Yes,Very few strands on ground,1,6,0,0,0,0,0,
46,11/10/2022 (Tue),5:00 PM,Sunny,,5,,Yes,Very few strands on ground,1,7,0,0,0,0,0,
46,11/10/2022 (Tue),5:00 PM,Sunny,,5,,Yes,Very few strands on ground,1,8,0,0,0,0,0,
46,11/10/2022 (Tue),5:00 PM,Sunny,,5,,Yes,Very few strands on ground,1,9,0,0,0,0,0,
46,11/10/2022 (Tue),5:00 PM,Sunny,,5,,Yes,Very few strands on ground,1,10,0,0,0,0,0,
46,11/10/2022 (Tue),5:00 PM,Sunny,,5,,Yes,Very few strands on ground,1,11,0,0,0,0,0,
46,11/10/2022 (Tue),5:00 PM,Sunny,,5,,Yes,Very few strands on ground,1,12,0,0,0,0,0,
46,11/10/2022 (Tue),5:00 PM,Sunny,,5,,Yes,Very few strands on ground,1,13,0,0,0,0,0,
46,11/10/2022 (Tue),5:00 PM,Sunny,,5,,Yes,Very few strands on ground,1,14,0,0,0,0,0,
46,11/10/2022 (Tue),5:00 PM,Sunny,,5,,Yes,Very few strands on ground,1,15,0,0,0,0,0,
46,11/10/2022 (Tue),5:00 PM,Sunny,,5,,Yes,Very few strands on ground,1,16,0,0,0,0,0,
46,11/10/2022 (Tue),5:00 PM,Sunny,,5,,Yes,Very few strands on ground,1,17,0,0,0,0,0,
46,11/10/2022 (Tue),5:00 PM,Sunny,,5,,Yes,Very few strands on ground,1,18,0,0,0,0,0,
46,11/10/2022 (Tue),5:00 PM,Sunny,,5,,Yes,Very few strands on ground,1,19,0,0,0,0,0,
46,11/10/2022 (Tue),5:00 PM,Sunny,,5,,Yes,Very few strands on ground,1,20,0,0,0,0,0,
47,12/10/2022 (Wed),2:00 PM,Cloudy,"Mostly cloudy, slightly sunny",5,,Yes,,3,1,0,0,0,0,0,
47,12/10/2022 (Wed),2:00 PM,Cloudy,"Mostly cloudy, slightly sunny",5,,Yes,,3,2,0,0,0,0,0,
47,12/10/2022 (Wed),2:00 PM,Cloudy,"Mostly cloudy, slightly sunny",5,,Yes,,3,3,0,0,0,0,0,
47,12/10/2022 (Wed),2:00 PM,Cloudy,"Mostly cloudy, slightly sunny",5,,Yes,,3,4,0,0,0,0,0,
47,12/10/2022 (Wed),2:00 PM,Cloudy,"Mostly cloudy, slightly sunny",5,,Yes,,3,5,0,0,0,0,0,
47,12/10/2022 (Wed),2:00 PM,Cloudy,"Mostly cloudy, slightly sunny",5,,Yes,,3,6,0,0,0,0,0,
47,12/10/2022 (Wed),2:00 PM,Cloudy,"Mostly cloudy, slightly sunny",5,,Yes,,3,7,0,0,0,0,0,
47,12/10/2022 (Wed),2:00 PM,Cloudy,"Mostly cloudy, slightly sunny",5,,Yes,,3,8,0,0,0,0,0,
47,12/10/2022 (Wed),2:00 PM,Cloudy,"Mostly cloudy, slightly sunny",5,,Yes,,3,9,0,0,0,0,0,
47,12/10/2022 (Wed),2:00 PM,Cloudy,"Mostly cloudy, slightly sunny",5,,Yes,,3,10,0,0,0,0,0,
47,12/10/2022 (Wed),2:00 PM,Cloudy,"Mostly cloudy, slightly sunny",5,,Yes,,3,11,0,0,0,0,0,
47,12/10/2022 (Wed),2:00 PM,Cloudy,"Mostly cloudy, slightly sunny",5,,Yes,,3,12,0,0,0,0,0,
47,12/10/2022 (Wed),2:00 PM,Cloudy,"Mostly cloudy, slightly sunny",5,,Yes,,3,13,0,0,0,0,0,
47,12/10/2022 (Wed),2:00 PM,Cloudy,"Mostly cloudy, slightly sunny",5,,Yes,,3,14,0,0,0,0,0,
47,12/10/2022 (Wed),2:00 PM,Cloudy,"Mostly cloudy, slightly sunny",5,,Yes,,3,15,0,0,0,0,0,
47,12/10/2022 (Wed),2:00 PM,Cloudy,"Mostly cloudy, slightly sunny",5,,Yes,,3,16,0,0,0,0,0,
47,12/10/2022 (Wed),2:00 PM,Cloudy,"Mostly cloudy, slightly sunny",5,,Yes,,3,17,0,0,0,0,0,
47,12/10/2022 (Wed),2:00 PM,Cloudy,"Mostly cloudy, slightly sunny",5,,Yes,,3,18,0,0,0,0,0,
47,12/10/2022 (Wed),2:00 PM,Cloudy,"Mostly cloudy, slightly sunny",5,,Yes,,3,19,0,0,0,0,0,
47,12/10/2022 (Wed),2:00 PM,Cloudy,"Mostly cloudy, slightly sunny",5,,Yes,,3,20,0,0,0,0,0,
48,12/10/2022 (Wed),5:00 PM,Cloudy,,4,,Yes,Very very few strands on ground,1,1,0,0,0,0,0,
48,12/10/2022 (Wed),5:00 PM,Cloudy,,4,,Yes,Very very few strands on ground,1,2,0,0,0,0,0,
48,12/10/2022 (Wed),5:00 PM,Cloudy,,4,,Yes,Very very few strands on ground,1,3,0,0,0,0,0,
48,12/10/2022 (Wed),5:00 PM,Cloudy,,4,,Yes,Very very few strands on ground,1,4,0,0,0,0,0,
48,12/10/2022 (Wed),5:00 PM,Cloudy,,4,,Yes,Very very few strands on ground,1,5,0,0,0,0,0,
48,12/10/2022 (Wed),5:00 PM,Cloudy,,4,,Yes,Very very few strands on ground,1,6,0,0,0,0,0,
48,12/10/2022 (Wed),5:00 PM,Cloudy,,4,,Yes,Very very few strands on ground,1,7,0,0,0,0,0,
48,12/10/2022 (Wed),5:00 PM,Cloudy,,4,,Yes,Very very few strands on ground,1,8,0,0,0,0,0,
48,12/10/2022 (Wed),5:00 PM,Cloudy,,4,,Yes,Very very few strands on ground,1,9,0,0,0,0,0,
48,12/10/2022 (Wed),5:00 PM,Cloudy,,4,,Yes,Very very few strands on ground,1,10,0,0,0,0,0,
48,12/10/2022 (Wed),5:00 PM,Cloudy,,4,,Yes,Very very few strands on ground,1,11,0,0,0,0,0,
48,12/10/2022 (Wed),5:00 PM,Cloudy,,4,,Yes,Very very few strands on ground,1,12,0,0,0,0,0,
48,12/10/2022 (Wed),5:00 PM,Cloudy,,4,,Yes,Very very few strands on ground,1,13,0,0,0,0,0,
48,12/10/2022 (Wed),5:00 PM,Cloudy,,4,,Yes,Very very few strands on ground,1,14,0,0,0,0,0,
48,12/10/2022 (Wed),5:00 PM,Cloudy,,4,,Yes,Very very few strands on ground,1,15,0,0,0,0,0,
48,12/10/2022 (Wed),5:00 PM,Cloudy,,4,,Yes,Very very few strands on ground,1,16,0,0,0,0,0,
48,12/10/2022 (Wed),5:00 PM,Cloudy,,4,,Yes,Very very few strands on ground,1,17,0,0,0,0,0,
48,12/10/2022 (Wed),5:00 PM,Cloudy,,4,,Yes,Very very few strands on ground,1,18,0,0,0,0,0,
48,12/10/2022 (Wed),5:00 PM,Cloudy,,4,,Yes,Very very few strands on ground,1,19,0,0,0,0,0,
48,12/10/2022 (Wed),5:00 PM,Cloudy,,4,,Yes,Very very few strands on ground,1,20,0,0,0,0,0,
49,13/10/2022 (Thu),2:00 PM,Cloudy,,4,,Yes,Very very few strands on ground,1,1,0,0,0,0,0,
49,13/10/2022 (Thu),2:00 PM,Cloudy,,4,,Yes,Very very few strands on ground,1,2,0,0,0,0,0,
49,13/10/2022 (Thu),2:00 PM,Cloudy,,4,,Yes,Very very few strands on ground,1,3,0,0,0,0,0,
49,13/10/2022 (Thu),2:00 PM,Cloudy,,4,,Yes,Very very few strands on ground,1,4,0,0,0,0,0,
49,13/10/2022 (Thu),2:00 PM,Cloudy,,4,,Yes,Very very few strands on ground,1,5,0,0,0,0,0,
49,13/10/2022 (Thu),2:00 PM,Cloudy,,4,,Yes,Very very few strands on ground,1,6,0,0,0,0,0,
49,13/10/2022 (Thu),2:00 PM,Cloudy,,4,,Yes,Very very few strands on ground,1,7,0,0,0,0,0,
49,13/10/2022 (Thu),2:00 PM,Cloudy,,4,,Yes,Very very few strands on ground,1,8,0,0,0,0,0,
49,13/10/2022 (Thu),2:00 PM,Cloudy,,4,,Yes,Very very few strands on ground,1,9,0,0,0,0,0,
49,13/10/2022 (Thu),2:00 PM,Cloudy,,4,,Yes,Very very few strands on ground,1,10,0,0,0,0,0,
49,13/10/2022 (Thu),2:00 PM,Cloudy,,4,,Yes,Very very few strands on ground,1,11,0,0,0,0,0,
49,13/10/2022 (Thu),2:00 PM,Cloudy,,4,,Yes,Very very few strands on ground,1,12,0,0,0,0,0,
49,13/10/2022 (Thu),2:00 PM,Cloudy,,4,,Yes,Very very few strands on ground,1,13,0,0,0,0,0,
49,13/10/2022 (Thu),2:00 PM,Cloudy,,4,,Yes,Very very few strands on ground,1,14,0,0,0,0,0,
49,13/10/2022 (Thu),2:00 PM,Cloudy,,4,,Yes,Very very few strands on ground,1,15,0,0,0,0,0,
49,13/10/2022 (Thu),2:00 PM,Cloudy,,4,,Yes,Very very few strands on ground,1,16,0,0,0,0,0,
49,13/10/2022 (Thu),2:00 PM,Cloudy,,4,,Yes,Very very few strands on ground,1,17,0,0,0,0,0,
49,13/10/2022 (Thu),2:00 PM,Cloudy,,4,,Yes,Very very few strands on ground,1,18,0,0,0,0,0,
49,13/10/2022 (Thu),2:00 PM,Cloudy,,4,,Yes,Very very few strands on ground,1,19,0,0,0,0,0,
49,13/10/2022 (Thu),2:00 PM,Cloudy,,4,,Yes,Very very few strands on ground,1,20,0,0,0,0,0,
50,13/10/2022 (Thu),2:45 PM,Sunny,,4,,Yes,,3,1,0,0,0,0,0,
50,13/10/2022 (Thu),2:45 PM,Sunny,,4,,Yes,,3,2,0,0,0,0,0,
50,13/10/2022 (Thu),2:45 PM,Sunny,,4,,Yes,,3,3,0,0,0,0,0,
50,13/10/2022 (Thu),2:45 PM,Sunny,,4,,Yes,,3,4,0,0,0,0,0,
50,13/10/2022 (Thu),2:45 PM,Sunny,,4,,Yes,,3,5,0,0,0,0,0,
50,13/10/2022 (Thu),2:45 PM,Sunny,,4,,Yes,,3,6,0,0,0,0,0,
50,13/10/2022 (Thu),2:45 PM,Sunny,,4,,Yes,,3,7,0,0,0,0,0,
50,13/10/2022 (Thu),2:45 PM,Sunny,,4,,Yes,,3,8,0,0,0,0,0,
50,13/10/2022 (Thu),2:45 PM,Sunny,,4,,Yes,,3,9,0,0,0,0,0,
50,13/10/2022 (Thu),2:45 PM,Sunny,,4,,Yes,,3,10,0,0,0,0,0,
50,13/10/2022 (Thu),2:45 PM,Sunny,,4,,Yes,,3,11,0,0,0,0,0,
50,13/10/2022 (Thu),2:45 PM,Sunny,,4,,Yes,,3,12,0,0,0,0,0,
50,13/10/2022 (Thu),2:45 PM,Sunny,,4,,Yes,,3,13,0,0,0,0,0,
50,13/10/2022 (Thu),2:45 PM,Sunny,,4,,Yes,,3,14,0,0,0,0,0,
50,13/10/2022 (Thu),2:45 PM,Sunny,,4,,Yes,,3,15,0,0,0,0,0,
50,13/10/2022 (Thu),2:45 PM,Sunny,,4,,Yes,,3,16,0,0,0,0,0,
50,13/10/2022 (Thu),2:45 PM,Sunny,,4,,Yes,,3,17,0,0,0,0,0,
50,13/10/2022 (Thu),2:45 PM,Sunny,,4,,Yes,,3,18,0,0,0,0,0,
50,13/10/2022 (Thu),2:45 PM,Sunny,,4,,Yes,,3,19,0,0,0,0,0,
50,13/10/2022 (Thu),2:45 PM,Sunny,,4,,Yes,,3,20,0,0,0,0,0,
51,13/10/2022 (Thu),5:00 PM,Sunny,,4,,Yes,Very few strands on ground,1,1,0,0,0,0,0,
51,13/10/2022 (Thu),5:00 PM,Sunny,,4,,Yes,Very few strands on ground,1,2,0,0,0,0,0,
51,13/10/2022 (Thu),5:00 PM,Sunny,,4,,Yes,Very few strands on ground,1,3,0,0,0,0,0,
51,13/10/2022 (Thu),5:00 PM,Sunny,,4,,Yes,Very few strands on ground,1,4,0,0,0,0,0,
51,13/10/2022 (Thu),5:00 PM,Sunny,,4,,Yes,Very few strands on ground,1,5,0,0,0,0,0,
51,13/10/2022 (Thu),5:00 PM,Sunny,,4,,Yes,Very few strands on ground,1,6,0,0,0,0,0,
51,13/10/2022 (Thu),5:00 PM,Sunny,,4,,Yes,Very few strands on ground,1,7,0,0,0,0,0,
51,13/10/2022 (Thu),5:00 PM,Sunny,,4,,Yes,Very few strands on ground,1,8,0,0,0,0,0,
51,13/10/2022 (Thu),5:00 PM,Sunny,,4,,Yes,Very few strands on ground,1,9,0,0,0,0,0,
51,13/10/2022 (Thu),5:00 PM,Sunny,,4,,Yes,Very few strands on ground,1,10,0,0,0,0,0,
51,13/10/2022 (Thu),5:00 PM,Sunny,,4,,Yes,Very few strands on ground,1,11,0,0,0,0,0,
51,13/10/2022 (Thu),5:00 PM,Sunny,,4,,Yes,Very few strands on ground,1,12,0,0,0,0,0,
51,13/10/2022 (Thu),5:00 PM,Sunny,,4,,Yes,Very few strands on ground,1,13,0,0,0,0,0,
51,13/10/2022 (Thu),5:00 PM,Sunny,,4,,Yes,Very few strands on ground,1,14,0,0,0,0,0,
51,13/10/2022 (Thu),5:00 PM,Sunny,,4,,Yes,Very few strands on ground,1,15,0,0,0,0,0,
51,13/10/2022 (Thu),5:00 PM,Sunny,,4,,Yes,Very few strands on ground,1,16,0,0,0,0,0,
51,13/10/2022 (Thu),5:00 PM,Sunny,,4,,Yes,Very few strands on ground,1,17,0,0,0,0,0,
51,13/10/2022 (Thu),5:00 PM,Sunny,,4,,Yes,Very few strands on ground,1,18,0,0,0,0,0,
51,13/10/2022 (Thu),5:00 PM,Sunny,,4,,Yes,Very few strands on ground,1,19,0,0,0,0,0,
51,13/10/2022 (Thu),5:00 PM,Sunny,,4,,Yes,Very few strands on ground,1,20,0,0,0,0,0,
52,14/10/2022 (Fri),2:00 PM,Cloudy,,4,,Yes,,3,1,0,0,0,0,0,
52,14/10/2022 (Fri),2:00 PM,Cloudy,,4,,Yes,,3,2,0,0,0,0,0,
52,14/10/2022 (Fri),2:00 PM,Cloudy,,4,,Yes,,3,3,0,0,0,0,0,
52,14/10/2022 (Fri),2:00 PM,Cloudy,,4,,Yes,,3,4,0,0,0,0,0,
52,14/10/2022 (Fri),2:00 PM,Cloudy,,4,,Yes,,3,5,0,0,0,0,0,
52,14/10/2022 (Fri),2:00 PM,Cloudy,,4,,Yes,,3,6,0,0,0,0,0,
52,14/10/2022 (Fri),2:00 PM,Cloudy,,4,,Yes,,3,7,0,0,0,0,0,
52,14/10/2022 (Fri),2:00 PM,Cloudy,,4,,Yes,,3,8,0,0,0,0,0,
52,14/10/2022 (Fri),2:00 PM,Cloudy,,4,,Yes,,3,9,0,0,0,0,0,
52,14/10/2022 (Fri),2:00 PM,Cloudy,,4,,Yes,,3,10,0,0,0,0,0,
52,14/10/2022 (Fri),2:00 PM,Cloudy,,4,,Yes,,3,11,0,0,0,0,0,
52,14/10/2022 (Fri),2:00 PM,Cloudy,,4,,Yes,,3,12,0,0,0,0,0,
52,14/10/2022 (Fri),2:00 PM,Cloudy,,4,,Yes,,3,13,0,0,0,0,0,
52,14/10/2022 (Fri),2:00 PM,Cloudy,,4,,Yes,,3,14,0,0,0,0,0,
52,14/10/2022 (Fri),2:00 PM,Cloudy,,4,,Yes,,3,15,0,0,0,0,0,
52,14/10/2022 (Fri),2:00 PM,Cloudy,,4,,Yes,,3,16,0,0,0,0,0,
52,14/10/2022 (Fri),2:00 PM,Cloudy,,4,,Yes,,3,17,0,0,0,0,0,
52,14/10/2022 (Fri),2:00 PM,Cloudy,,4,,Yes,,3,18,0,0,0,0,0,
52,14/10/2022 (Fri),2:00 PM,Cloudy,,4,,Yes,,3,19,0,0,0,0,0,
52,14/10/2022 (Fri),2:00 PM,Cloudy,,4,,Yes,,3,20,0,0,0,0,0,
53,14/10/2022 (Fri),5:00 PM,Sunny,,4,,Yes,Few strands on ground,1,1,0,0,0,0,0,
53,14/10/2022 (Fri),5:00 PM,Sunny,,4,,Yes,Few strands on ground,1,2,0,0,0,0,0,
53,14/10/2022 (Fri),5:00 PM,Sunny,,4,,Yes,Few strands on ground,1,3,0,0,0,0,0,
53,14/10/2022 (Fri),5:00 PM,Sunny,,4,,Yes,Few strands on ground,1,4,0,0,0,0,0,
53,14/10/2022 (Fri),5:00 PM,Sunny,,4,,Yes,Few strands on ground,1,5,0,0,0,0,0,
53,14/10/2022 (Fri),5:00 PM,Sunny,,4,,Yes,Few strands on ground,1,6,0,0,0,0,0,
53,14/10/2022 (Fri),5:00 PM,Sunny,,4,,Yes,Few strands on ground,1,7,0,0,0,0,0,
53,14/10/2022 (Fri),5:00 PM,Sunny,,4,,Yes,Few strands on ground,1,8,0,0,0,0,0,
53,14/10/2022 (Fri),5:00 PM,Sunny,,4,,Yes,Few strands on ground,1,9,0,0,0,0,0,
53,14/10/2022 (Fri),5:00 PM,Sunny,,4,,Yes,Few strands on ground,1,10,0,0,0,0,0,
53,14/10/2022 (Fri),5:00 PM,Sunny,,4,,Yes,Few strands on ground,1,11,0,0,0,0,0,
53,14/10/2022 (Fri),5:00 PM,Sunny,,4,,Yes,Few strands on ground,1,12,0,0,0,0,0,
53,14/10/2022 (Fri),5:00 PM,Sunny,,4,,Yes,Few strands on ground,1,13,0,0,0,0,0,
53,14/10/2022 (Fri),5:00 PM,Sunny,,4,,Yes,Few strands on ground,1,14,0,0,0,0,0,
53,14/10/2022 (Fri),5:00 PM,Sunny,,4,,Yes,Few strands on ground,1,15,0,0,0,0,0,
53,14/10/2022 (Fri),5:00 PM,Sunny,,4,,Yes,Few strands on ground,1,16,0,0,0,0,0,
53,14/10/2022 (Fri),5:00 PM,Sunny,,4,,Yes,Few strands on ground,1,17,0,0,0,0,0,
53,14/10/2022 (Fri),5:00 PM,Sunny,,4,,Yes,Few strands on ground,1,18,0,0,0,0,0,
53,14/10/2022 (Fri),5:00 PM,Sunny,,4,,Yes,Few strands on ground,1,19,0,0,0,0,0,
53,14/10/2022 (Fri),5:00 PM,Sunny,,4,,Yes,Few strands on ground,1,20,0,0,0,0,0,